season,district,team,w,l,t,district_finish,playoffs,points_for,points_against,point_diff,coach,coach_id,season_preview
1952,District 2,Stafford Indians,2,7,,8th of 11,,70,172,-102,Graham Morris,morrisgraham,https://news.google.com/newspapers?id=48NHAAAAIBAJ&sjid=zYoDAAAAIBAJ&pg=4177%2C1870859
1953,District 2,Stafford Indians,3,6,,7th of 13,,70,149,-79,Jack Lewis,lewisjack,https://news.google.com/newspapers?id=iOdLAAAAIBAJ&sjid=HYwDAAAAIBAJ&pg=1940%2C2010791
1954,District 2,Stafford Indians,1,8,,19th of 21,,37,182,-145,Charlie Phillips,phillipscharlie,https://news.google.com/newspapers?id=tqleAAAAIBAJ&sjid=UIoDAAAAIBAJ&pg=5149%2C6008230
1955,District 2,Stafford Indians,3,6,,11th of 14,,91,95,-4,Charlie Phillips,phillipscharlie,https://news.google.com/newspapers?id=Nd5LAAAAIBAJ&sjid=3ooDAAAAIBAJ&pg=801%2C810876
1956,District 2,Stafford Indians,5,3,1,5th of 17,,168,78,90,Earl Cunningham,cunninghamearl,https://news.google.com/newspapers?id=7tNNAAAAIBAJ&sjid=ZooDAAAAIBAJ&pg=5651%2C5965251
1957,District 2,Stafford Indians,1,9,,15th of 16,,61,276,-215,Bob Stover,stoverbob,https://news.google.com/newspapers?id=sOFLAAAAIBAJ&sjid=tooDAAAAIBAJ&pg=6844%2C1357709
1958,District 2,Stafford Indians,3,6,1,11th of 14,,106,139,-33,Bob Stover,stoverbob,https://news.google.com/newspapers?id=ntNNAAAAIBAJ&sjid=a4oDAAAAIBAJ&pg=6968%2C4816970
1959,District 2,Stafford Indians,5,4,,8th of 16,,155,105,50,Rock Harrison,harrisonrock,https://news.google.com/newspapers?id=ht9NAAAAIBAJ&sjid=-4oDAAAAIBAJ&pg=7056%2C4603689
1960,Battlefield,Stafford Indians,6,4,,2nd of 6,,176,155,21,Rock Harrison,harrisonrock,https://news.google.com/newspapers?id=NeRLAAAAIBAJ&sjid=p4oDAAAAIBAJ&pg=1891%2C1456259
1961,Battlefield,Stafford Indians,1,7,1,6th of 6,,39,160,-121,Rock Harrison,harrisonrock,https://news.google.com/newspapers?id=KPJNAAAAIBAJ&sjid=qIoDAAAAIBAJ&pg=5796%2C4578570
1962,Battlefield,Stafford Indians,3,6,1,4th of 6,,121,177,-56,Don Hafer,haferdon,https://news.google.com/newspapers?id=YwAUAAAAIBAJ&sjid=VYoDAAAAIBAJ&pg=5645%2C4514776
1963,Battlefield,Stafford Indians,3,6,1,T-4th of 6,,85,148,-63,Jack Pack,packjack,https://news.google.com/newspapers?id=peFNAAAAIBAJ&sjid=J4sDAAAAIBAJ&pg=6436%2C5482832
1964,Battlefield,Stafford Indians,1,9,,7th of 7,,53,258,-205,Bill Humphries,humphriesbill,https://news.google.com/newspapers?id=_N5NAAAAIBAJ&sjid=8YoDAAAAIBAJ&pg=6225%2C6172628
1965,Battlefield,Stafford Indians,5,5,,4th of 10,,191,151,40,Don Hafer,haferdon,https://news.google.com/newspapers?id=zf5NAAAAIBAJ&sjid=z4sDAAAAIBAJ&pg=2212%2C2498327
1966,Battlefield,Stafford Indians,6,4,,5th of 10,,236,108,128,Don Hafer,haferdon,https://news.google.com/newspapers?id=PPlNAAAAIBAJ&sjid=bIsDAAAAIBAJ&pg=2085%2C3129087
1967,Battlefield,Stafford Indians,8,2,,1st of 5,,161,90,71,Joe Michael,michaeljoe,https://news.google.com/newspapers?id=etRNAAAAIBAJ&sjid=ZIoDAAAAIBAJ&pg=6448%2C6666358
1968,Battlefield,Stafford Indians,8,2,,1st of 6,,178,74,104,Joe Michael,michaeljoe,https://news.google.com/newspapers?id=wuZNAAAAIBAJ&sjid=g4oDAAAAIBAJ&pg=2054%2C6614807
1969,Battlefield,Stafford Indians,8,1,1,T-1st of 6,,152,63,89,Joe Michael,michaeljoe,https://news.google.com/newspapers?id=GB4QAAAAIBAJ&sjid=sYoDAAAAIBAJ&pg=4916%2C464534
1970,Commonwealth,Stafford Indians,2,8,,7th of 9,,60,215,-155,Joe Michael,michaeljoe,https://news.google.com/newspapers?id=N9ZNAAAAIBAJ&sjid=vooDAAAAIBAJ&pg=6203%2C498154
1971,Commonwealth,Stafford Indians,1,9,,9th of 9,,60,257,-197,Charlie Harding,hardingcharlie,https://news.google.com/newspapers?id=8PNNAAAAIBAJ&sjid=14oDAAAAIBAJ&pg=4829%2C426345
1972,Commonwealth,Stafford Indians,4,5,1,7th of 11,,100,184,-84,Charlie Harding,hardingcharlie,https://news.google.com/newspapers?id=Zd5NAAAAIBAJ&sjid=94oDAAAAIBAJ&pg=6090%2C3645391
1973,Commonwealth,Stafford Indians,5,4,1,5th of 11,,223,115,108,Charlie Harding,hardingcharlie,https://news.google.com/newspapers?id=LP9NAAAAIBAJ&sjid=3YsDAAAAIBAJ&pg=6304%2C4005317
1974,Commonwealth,Stafford Indians,6,4,,3rd of 9,,215,183,32,Charlie Harding,hardingcharlie,https://news.google.com/newspapers?nid=9fRKRCJz75UC&dat=19740906&printsec=frontpage&hl=en
1975,Commonwealth,Stafford Indians,2,8,,8th of 9,,111,197,-86,Charlie Harding,hardingcharlie,https://news.google.com/newspapers?id=Et9NAAAAIBAJ&sjid=AYsDAAAAIBAJ&pg=6238%2C644343
1976,Commonwealth,Stafford Indians,2,7,1,6th of 7,,89,167,-78,Charlie Harding,hardingcharlie,https://news.google.com/newspapers?id=6A4QAAAAIBAJ&sjid=A4wDAAAAIBAJ&pg=5740%2C187641
1977,Commonwealth,Stafford Indians,5,5,,5th of 7,,111,102,9,Coleman Starnes,starnescoleman,https://news.google.com/newspapers?id=399NAAAAIBAJ&sjid=CosDAAAAIBAJ&pg=4945%2C302077
1978,Commonwealth,Stafford Indians,5,5,,4th of 7,,131,176,-45,Coleman Starnes,starnescoleman,https://news.google.com/newspapers?id=1wFOAAAAIBAJ&sjid=HowDAAAAIBAJ&pg=6208%2C147380
1979,Commonwealth,Stafford Indians,2,8,,6th of 7,,54,173,-119,Terry Hoggatt,hoggattterry,https://news.google.com/newspapers?id=0-JNAAAAIBAJ&sjid=ZIsDAAAAIBAJ&pg=4483%2C1129576
1980,Commonwealth,Stafford Indians,5,5,,5th of 6,,210,177,33,Terry Hoggatt,hoggattterry,https://news.google.com/newspapers?id=9eBLAAAAIBAJ&sjid=sosDAAAAIBAJ&pg=4475%2C800064
1981,Commonwealth,Stafford Indians,6,3,1,5th of 8,,153,106,47,Terry Hoggatt,hoggattterry,https://news.google.com/newspapers?id=H_ZNAAAAIBAJ&sjid=EYsDAAAAIBAJ&pg=4154%2C678769
1982,Commonwealth,Stafford Indians,2,8,,8th of 8,,108,272,-164,Tom Berry,berrytom,https://news.google.com/newspapers?id=jAdfAAAAIBAJ&sjid=FYwDAAAAIBAJ&pg=5651%2C524641
1983,Commonwealth,Stafford Indians,1,9,,8th of 8,,58,200,-142,Tom Berry,berrytom,https://news.google.com/newspapers?id=2eFNAAAAIBAJ&sjid=SosDAAAAIBAJ&pg=5368%2C247778
1984,Commonwealth,Stafford Indians,3,5,2,8th of 9,,99,129,-30,Tom Berry,berrytom,https://news.google.com/newspapers?id=R-VLAAAAIBAJ&sjid=TosDAAAAIBAJ&pg=2409%2C372792
1985,Commonwealth,Stafford Indians,4,6,,6th of 9,,107,181,-74,Tom Berry,berrytom,https://news.google.com/newspapers?id=dftNAAAAIBAJ&sjid=jYsDAAAAIBAJ&pg=5621%2C4731957
1986,Commonwealth,Stafford Indians,2,7,1,8th of 10,,94,217,-123,Tom Berry,berrytom,https://news.google.com/newspapers?id=0QNOAAAAIBAJ&sjid=1o0DAAAAIBAJ&pg=5337%2C910248
1987,Commonwealth,Stafford Indians,6,4,,4th of 10,,167,191,-24,Tom Berry,berrytom,https://news.google.com/newspapers?id=o_tNAAAAIBAJ&sjid=j4sDAAAAIBAJ&pg=5630%2C4979486
1988,Commonwealth,Stafford Indians,4,6,,7th of 9,,150,234,-84,Tom Berry,berrytom,https://www.newspapers.com/image/1142291319/?article=ac863518-3ffa-4d98-8d0e-a70f3c3baffe
1989,Commonwealth,Stafford Indians,2,8,,8th of 9,,80,243,-163,Tom Berry,berrytom,https://news.google.com/newspapers?id=GuBLAAAAIBAJ&sjid=S4sDAAAAIBAJ&pg=2640%2C157294
1990,Commonwealth,Stafford Indians,3,7,,8th of 9,,103,190,-87,Tom Berry,berrytom,https://news.google.com/newspapers?id=IbFYAAAAIBAJ&sjid=NosDAAAAIBAJ&pg=2269%2C4928013
1991,Commonwealth,Stafford Indians,1,9,,8th of 9,,40,246,-206,Tom Berry,berrytom,
1992,Commonwealth,Stafford Indians,1,9,,5th of 5,,61,296,-235,John Kraus,krausjohn,
1993,Commonwealth,Stafford Indians,1,9,,5th of 5,,80,295,-215,John Kraus,krausjohn,https://news.google.com/newspapers?id=MuYyAAAAIBAJ&sjid=kgcGAAAAIBAJ&pg=4213%2C580631
1994,Commonwealth,Stafford Indians,6,5,,3rd of 5,1st Round,190,222,-32,John Kraus,krausjohn,https://news.google.com/newspapers?id=xOgyAAAAIBAJ&sjid=ugcGAAAAIBAJ&pg=4371%2C381298
1995,Commonwealth,Stafford Indians,5,5,,5th of 5,,208,177,31,John Kraus,krausjohn,https://news.google.com/newspapers?id=7ukyAAAAIBAJ&sjid=zgcGAAAAIBAJ&pg=4345%2C6555833
1996,Commonwealth,Stafford Indians,2,8,,5th of 6,,98,297,-199,John Kraus,krausjohn,https://news.google.com/newspapers?id=oesyAAAAIBAJ&sjid=1gcGAAAAIBAJ&pg=4441%2C6593812
1997,Commonwealth,Stafford Indians,4,6,,6th of 6,,99,175,-76,John Kraus,krausjohn,https://www.newspapers.com/newspage/1143226327/
1998,Commonwealth,Stafford Indians,2,8,,6th of 6,,98,311,-213,Roger Pierce,pierceroger,https://news.google.com/newspapers?id=lOwyAAAAIBAJ&sjid=lQgGAAAAIBAJ&pg=4530%2C6880898
1999,Commonwealth,Stafford Indians,3,7,,5th of 7,,142,251,-109,Roger Pierce,pierceroger,https://www.newspapers.com/image/1142958013/?article=aa9b9f64-7326-45db-957e-f41e66dd0675 https://www.washingtonpost.com/archive/local/1999/08/25/stafford-indians/6240c733-def9-4da9-bb82-b16e326aac52/
2000,Commonwealth,Stafford Indians,3,7,,7th of 8,,168,217,-49,Roger Pierce,pierceroger,https://news.google.com/newspapers?id=gQMzAAAAIBAJ&sjid=2wgGAAAAIBAJ&pg=4370%2C7103455
2001,Commonwealth,Stafford Indians,5,4,,4th of 6,,207,195,12,Roger Pierce,pierceroger,https://news.google.com/newspapers?id=OjIzAAAAIBAJ&sjid=kwgGAAAAIBAJ&pg=4035%2C9017579
2002,Commonwealth,Stafford Indians,11,3,,2nd of 6,State Final,357,233,124,Roger Pierce,pierceroger,https://news.google.com/newspapers?nid=9fRKRCJz75UC&dat=20020829&printsec=frontpage&hl=en
2003,Commonwealth,Stafford Indians,5,5,,5th of 7,,268,236,32,Roger Pierce,pierceroger,https://news.google.com/newspapers?id=hzMzAAAAIBAJ&sjid=0QgGAAAAIBAJ&pg=4496%2C7672097
2004,Commonwealth,Stafford Indians,3,7,,6th of 7,,199,321,-122,Roger Pierce,pierceroger,https://www.newspapers.com/newspage/1216164816/
2005,Commonwealth,Stafford Indians,4,6,,4th of 7,,188,270,-82,Roger Pierce,pierceroger,https://news.google.com/newspapers?nid=9fRKRCJz75UC&dat=20050901&printsec=frontpage&hl=en
2006,Commonwealth,Stafford Indians,6,4,,3rd of 7,,171,145,26,Chad Lewis,lewischad,https://news.google.com/newspapers?id=MS4zAAAAIBAJ&sjid=dAgGAAAAIBAJ&pg=4022%2C9395101
2007,Commonwealth,Stafford Indians,4,6,,3rd of 8,,214,223,-27,Chad Lewis,lewischad,https://www.newspapers.com/newspage/1220386982/
2008,Commonwealth,Stafford Indians,5,5,,4th of 8,,294,300,-47,Chad Lewis,lewischad,https://www.newspapers.com/newspage/1217920082/ https://infoweb-newsbank-com.proxy.librarypoint.org/apps/news/document-view?p=NewsBank&t=pubname%3AFFSB%21Free%2BLance-Star%252C%2BThe%2B%2528Fredericksburg%252C%2BVA%2529/year%3A2008%212008/mody%3A0828%21August%2B28&year=2008&format=text&docref=news/122D8CA79448FA58
2009,Commonwealth,Stafford Indians,2,8,,7th of 8,,107,309,-202,Chad Lewis,lewischad,https://www.newspapers.com/newspage/1218988071/ https://infoweb-newsbank-com.proxy.librarypoint.org/apps/news/document-view?p=NewsBank&t=pubname%3AFFSB%21Free%2BLance-Star%252C%2BThe%2B%2528Fredericksburg%252C%2BVA%2529/year%3A2009%212009/mody%3A0827%21August%2B27&year=2009&format=text&docref=news/12A58524A27E5280
2010,Commonwealth,Stafford Indians,5,6,,4th of 8,1st Round,179,232,-53,Chad Lewis,lewischad,https://infoweb-newsbank-com.proxy.librarypoint.org/apps/news/document-view?p=NewsBank&t=pubname%3AFFSB%21Free%2BLance-Star%252C%2BThe%2B%2528Fredericksburg%252C%2BVA%2529/year%3A2010%212010/mody%3A0826%21August%2B26&year=2010&format=text&docref=news/131D7CC381091F18
2011,Commonwealth,Stafford Indians,5,5,,5th of 9,,231,200,31,Chad Lewis,lewischad,https://www.newspapers.com/newspage/1220068371/ https://infoweb-newsbank-com.proxy.librarypoint.org/apps/news/document-view?p=NewsBank&t=pubname%3AFFSB%21Free%20Lance-Star/decade%3A2010%212010%2B-%2B2019/year%3A2011%212011/yrmo%3A201108%21August%2B2011&sort=YMD_date%3AD&hide_duplicates=2&fld-base-0=alltext&maxresults=60&val-base-0=%22stafford%20indians%22&docref=news/139575239BFBC9B0
2012,Commonwealth,Stafford Indians,3,7,,7th of 9,,182,284,-102,Chad Lewis,lewischad,https://www.newspapers.com/newspage/1219877978/ https://infoweb-newsbank-com.proxy.librarypoint.org/apps/news/document-view?p=NewsBank&t=pubname%3AFFSB%21Free%20Lance-Star/decade%3A2010%212010%2B-%2B2019&sort=YMD_date%3AD&fld-nav-0=YMD_date&val-nav-0=8/22/2012%20-%208/29/2012&hide_duplicates=2&fld-base-0=alltext&maxresults=60&val-base-0=%22stafford%20indians%22&docref=news/140D6E02B32D9000
2013,6A Conference 4,Stafford Indians,1,9,,4th of 7,,109,327,-218,Chad Lewis,lewischad,https://www.newspapers.com/newspage/1219961822/ https://infoweb-newsbank-com.proxy.librarypoint.org/apps/news/document-view?p=NewsBank&t=pubname%3AFFSB%21Free%20Lance-Star/decade%3A2010%212010%2B-%2B2019&sort=YMD_date%3AD&fld-nav-0=YMD_date&val-nav-0=8/22/2013%20-%208/29/2013&hide_duplicates=2&fld-base-0=alltext&maxresults=60&val-base-0=%22stafford%20indians%22&docref=news/1487B447AF444FB0
2014,6A Conference 4,Stafford Indians,1,9,,6th of 7,,118,330,-212,Chad Lewis,lewischad,https://www.newspapers.com/newspage/1217111955/ https://infoweb-newsbank-com.proxy.librarypoint.org/apps/news/document-view?p=NewsBank&t=pubname%3AFFSB%21Free%20Lance-Star/decade%3A2010%212010%2B-%2B2019&sort=YMD_date%3AD&fld-nav-0=YMD_date&val-nav-0=8/22/2014%20-%208/29/2014&hide_duplicates=2&fld-base-0=alltext&maxresults=60&val-base-0=%22stafford%20indians%22&docref=news/14FFAD2FF7C636A8
2015,5A Conference 15,Stafford Indians,2,8,,5th of 6,,117,333,-216,Chad Lewis,lewischad,https://www.newspapers.com/newspage/1219868652/
2016,Commonwealth,Stafford Indians,3,7,,7th of 7,,192,296,-104,Mo Hampton,hamptonmo,
2017,Commonwealth,Stafford Indians,10,4,,4th of 7,State Semifinal,388,268,120,Mo Hampton,hamptonmo,https://www.newspapers.com/newspage/1008668103/
2018,Commonwealth,Stafford Indians,4,6,,6th of 7,,186,279,-93,Mo Hampton,hamptonmo,https://www.newspapers.com/newspage/1008880886/
2019,Commonwealth,Stafford Indians,2,9,,6th of 7,,178,337,-159,Mo Hampton,hamptonmo,https://www.newspapers.com/newspage/1008900113/
2020,Commonwealth,Stafford Indians,0,7,,7th of 7,,97,266,-169,Mo Hampton,hamptonmo,https://www.newspapers.com/newspage/1008890376/
2021,Commonwealth,Stafford Indians,0,9,,7th of 7,,105,372,-267,Mo Hampton,hamptonmo,https://www.newspapers.com/newspage/1008879766/
2022,Commonwealth,Stafford Indians,3,7,,7th of 7,,140,312,-172,Jeff Drugatz,drugatzjeff,https://www.newspapers.com/newspage/1009751881/
2023,Commonwealth,Stafford Indians,3,7,,6th of 7,,190,219,-29,Jeff Drugatz,drugatzjeff,https://www.newspapers.com/newspage/1045566127/
2024,Commonwealth,Stafford Indians,9,2,,T-1st of 7,1st Round,437,303,134,Jeff Drugatz,drugatzjeff,https://infoweb-newsbank-com.proxy.librarypoint.org/apps/news/openurl?ctx_ver=z39.88-2004&rft_id=info%3Asid/infoweb.newsbank.com&svc_dat=NewsBank&req_dat=0ED03081EE7B9E7E&rft_val_format=info%3Aofi/fmt%3Akev%3Amtx%3Actx&rft_dat=document_id%3Aimage%252Fv2%253A19899AC228BE9290%2540NewsBank-19B3E3229D419298%25402460552-19B3F82274D8305C%254018/hlterms%3A
2025,Commonwealth,Stafford Indians,3,7,,6th of 7,,232,288,-56,Gerard Johnson,johnsongerard,https://infoweb-newsbank-com.proxy.librarypoint.org/apps/news/document-view?p=NewsBank&t=pubname%3AFLSVA-EEDT%21Free%2BLance-Star%252C%2BThe%2B%2528Fredericksburg%252C%2BVA%2529/year%3A2025%212025/mody%3A0827%21August%2B27&action=browse&year=2025&format=image&docref=image%2Fv2%3A19899AC228BE9290%40NewsBank-1A29D06A7797666A%402460915-1A2B963892C51D4B%4011&origin=image%2Fv2%3A19899AC228BE9290%40NewsBank-1A29D06A7797666A%402460915-1A2B95ED2B03D41E%400
2026,Commonwealth,Stafford Indians,4,1,,,,183,67,116,Brad Womack,womackbrad,https://fredericksburg.com/sports/high-school/football/article_aff21865-16a4-40f7-8a90-166ffa9ee5d7.html https://www.fredericksburgfreepress.com/2026/08/26/commonwealth-district-football-preview/
