record_category,player,player_id,passer,passer_id,value,game_id
Longest Pass,Robert Thompson,thompsonrobert,Thomas McClelland,mcclellandthomas,96 (TD),2002_11_22_HalifaxCounty
Longest Pass,Sean Smith,smithsean,Kharliq Richardson,richardsonkharliq,94,2018_08_30_Potomac
Longest Pass,Jon Reid,reidjon,Christian Monsivais,monsivaischristian,87 (TD),2008_10_24_Massaponax
Longest Pass,Luke Flynn,flynnluke,Brayden Dalton,daltonbrayden,85 (TD),2026_09_25_MountainView
Longest Pass,Jason Dauch,dauchjason,Brad Hayes,hayesbrad,84 (TD),1999_10_15_BrookePoint
Longest Pass,Lamond Roye,royelamond,Scott Starnes,starnesscott,81 (TD),1982_09_10_Spotsylvania
Longest Run,Clyde Brown,brownclyde,,,95 (TD),1971_09_03_Lane
Longest Run,Horace Green,greenhorace,,,91 (TD),1965_10_22_Orange
Longest Punt,Jim Scott,scottjim,,,80,1962_11_02_Culpeper
Longest Interception Return,Justin Crabbe,crabbejustin,,,100 (TD),2011_09_30_Riverbend
Longest Interception Return,Jerome Davis,davisjerome,,,99 (TD),1977_10_21_DeMatha-Maryland
Longest Interception Return,Torrey Smith,smithtorrey,,,86 (TD),2004_11_05_Spotsylvania
Longest Interception Return,Landon Woodson,woodsonlandon,,,85 (TD),2017_11_25_BrookePoint
Longest Interception Return,Frank Robinson,robinsonfrank,,,76,1967_09_29_JamesMonroe
Longest Kick Return,Daniel Smith,smithdaniel,,,99 (TD),2016_09_09_ColonialForge
Longest Kick Return,Troy Farrar,farrartroy,,,99 (TD),1994_10_06_StonewallJackson-Manassas
Longest Kick Return,Eugene Richardson,richardsoneugene,,,98 (TD),2017_09_29_NorthStafford
Longest Kick Return,Daniel Smith,smithdaniel,,,97 (TD),2014_09_05_KingGeorge
Longest Kick Return,Justin Crabbe,crabbejustin,,,97 (TD),2011_10_07_Albemarle
Longest Punt Return,Jerome Davis,davisjerome,,,85 (TD),1977_09_09_Albemarle
Longest Punt Return,Jerry Stevens,stevensjerry,,,81 (TD),1958_11_14_Madison
Longest Punt Return,Horace Green,greenhorace,,,80 (TD),1966_11_04_Brentsville
Longest Punt Return,Henry Cropp,cropphenry,,,80 (TD),1959_10_09_Spotsylvania
Longest Punt Return,Greg Spruill,spruillgreg,,,77 (TD),1986_09_12_Woodbridge
Longest Punt Return,Vernon Grogan,groganvernon,,,77 (TD),1959_10_09_Spotsylvania
Largest Comeback,,,,,28,2018_08_30_Potomac
Largest Comeback,,,,,17,2022_09_16_Spotsylvania
Largest Comeback,,,,,17,1974_11_08_JamesMonroe
Largest Comeback,,,,,16,2024_10_18_NorthStafford
Largest Comeback,,,,,16,1974_09_13_StonewallJackson-Manassas
