season,player,player_id,stat_category,stat_name,stat_value
2024,Michael Creamer,creamermichael,Rushing,RushAtt,230
2024,Michael Creamer,creamermichael,Rushing,RushYds,1598
2024,Michael Creamer,creamermichael,Rushing,RushTD,26
2024,Zion Gray,grayzion,Passing,Attempts,108
2024,Zion Gray,grayzion,Passing,Completions,65
2024,Zion Gray,grayzion,Passing,Interceptions,2
2024,Zion Gray,grayzion,Passing,PassYards,1072
2024,Zion Gray,grayzion,Passing,PassTD,9
2024,Zion Gray,grayzion,Rushing,RushAtt,102
2024,Zion Gray,grayzion,Rushing,RushYds,1275
2024,Zion Gray,grayzion,Rushing,RushTD,21
2024,KJ Morton,mortonkj,Receiving,Receptions,24
2024,KJ Morton,mortonkj,Receiving,RecYards,552
2024,KJ Morton,mortonkj,Receiving,RecTD,6
2024,Andrew Stalteri,stalteriandrew,Kicking,Extra Points Made,54
2024,Andrew Stalteri,stalteriandrew,Kicking,Field Goals Made,3
2024,Andrew Stalteri,stalteriandrew,Kicking,Longest Field Goal,31
2024,Andrew Stalteri,stalteriandrew,Kicking,Points Scored,63
2023,Michael Creamer,creamermichael,Rushing,RushAtt,121
2023,Michael Creamer,creamermichael,Rushing,RushYds,1191
2023,Michael Creamer,creamermichael,Rushing,RushTD,15
2023,Andrew Stalteri,stalteriandrew,Kicking,Extra Points Made,17
2023,Andrew Stalteri,stalteriandrew,Kicking,Field Goals Made,0
2023,Andrew Stalteri,stalteriandrew,Kicking,Points Scored,17
2023,Gavin Wright,wrightgavin,Passing,Attempts,91
2023,Gavin Wright,wrightgavin,Passing,Completions,42
2023,Gavin Wright,wrightgavin,Passing,Interceptions,5
2023,Gavin Wright,wrightgavin,Passing,PassYards,468
2023,Gavin Wright,wrightgavin,Passing,PassTD,2
2022,Johnny Hinz,hinzjohnny,Receiving,Receptions,22
2022,Johnny Hinz,hinzjohnny,Receiving,RecYards,405
2022,Johnny Hinz,hinzjohnny,Receiving,RecTD,4
2022,Aidan McConnell,mcconnellaidan,Passing,Attempts,78
2022,Aidan McConnell,mcconnellaidan,Passing,Completions,41
2022,Aidan McConnell,mcconnellaidan,Passing,Interceptions,6
2022,Aidan McConnell,mcconnellaidan,Passing,PassYards,579
2022,Aidan McConnell,mcconnellaidan,Passing,PassTD,5
2022,Andrew Stalteri,stalteriandrew,Kicking,Extra Points Made,10
2022,Andrew Stalteri,stalteriandrew,Kicking,Field Goals Made,0
2022,Andrew Stalteri,stalteriandrew,Kicking,Points Scored,10
2021,Blake Childress,childressblake,Kicking,Extra Points Made,9
2021,Blake Childress,childressblake,Kicking,Field Goals Made,0
2021,Blake Childress,childressblake,Kicking,Points Scored,9
2021,Andrew Koetter,koetterandrew,Receiving,Receptions,41
2021,Andrew Koetter,koetterandrew,Receiving,RecYards,359
2021,Andrew Koetter,koetterandrew,Receiving,RecTD,2
2021,Aidan McConnell,mcconnellaidan,Passing,Attempts,251
2021,Aidan McConnell,mcconnellaidan,Passing,Completions,124
2021,Aidan McConnell,mcconnellaidan,Passing,Interceptions,16
2021,Aidan McConnell,mcconnellaidan,Passing,PassYards,1136
2021,Aidan McConnell,mcconnellaidan,Passing,PassTD,9
2020,Blake Childress,childressblake,Kicking,Extra Points Made,7
2020,Blake Childress,childressblake,Kicking,Field Goals Made,0
2020,Blake Childress,childressblake,Kicking,Points Scored,7
2020,Colten Dunmire,dunmirecolten,Passing,Attempts,97
2020,Colten Dunmire,dunmirecolten,Passing,Completions,42
2020,Colten Dunmire,dunmirecolten,Passing,Interceptions,4
2020,Colten Dunmire,dunmirecolten,Passing,PassYards,571
2020,Colten Dunmire,dunmirecolten,Passing,PassTD,5
2020,Yoskar Rosales,rosalesyoskar,Receiving,Receptions,9
2020,Yoskar Rosales,rosalesyoskar,Receiving,RecYards,191
2020,Yoskar Rosales,rosalesyoskar,Receiving,RecTD,2
2019,Blake Childress,childressblake,Kicking,Extra Points Made,19
2019,Blake Childress,childressblake,Kicking,Field Goals Made,0
2019,Blake Childress,childressblake,Kicking,Points Scored,19
2019,Jack Koetter,koetterjack,Passing,Attempts,175
2019,Jack Koetter,koetterjack,Passing,Completions,92
2019,Jack Koetter,koetterjack,Passing,Interceptions,5
2019,Jack Koetter,koetterjack,Passing,PassYards,1400
2019,Jack Koetter,koetterjack,Passing,PassTD,15
2019,Joseph Shortt,shorttjoseph,Receiving,Receptions,20
2019,Joseph Shortt,shorttjoseph,Receiving,RecYards,346
2019,Joseph Shortt,shorttjoseph,Receiving,RecTD,1
2019,Jordan Williams,williamsjordan,Receiving,Receptions,41
2019,Jordan Williams,williamsjordan,Receiving,RecYards,671
2019,Jordan Williams,williamsjordan,Receiving,RecTD,11
2018,Dimario Brooks,brooksdimario,Receiving,Receptions,23
2018,Dimario Brooks,brooksdimario,Receiving,RecYards,381
2018,Dimario Brooks,brooksdimario,Receiving,RecTD,2
2018,Garrett Heflin,heflingarrett,Receiving,Receptions,16
2018,Garrett Heflin,heflingarrett,Receiving,RecYards,314
2018,Garrett Heflin,heflingarrett,Receiving,RecTD,2
2018,Aaron Plonka,plonkaaaron,Kicking,Extra Points Made,19
2018,Aaron Plonka,plonkaaaron,Kicking,Field Goals Made,3
2018,Aaron Plonka,plonkaaaron,Kicking,Longest Field Goal,31
2018,Aaron Plonka,plonkaaaron,Kicking,Points Scored,28
2018,Kharliq Richardson,richardsonkharliq,Passing,Attempts,177
2018,Kharliq Richardson,richardsonkharliq,Passing,Completions,93
2018,Kharliq Richardson,richardsonkharliq,Passing,Interceptions,13
2018,Kharliq Richardson,richardsonkharliq,Passing,PassYards,1468
2018,Kharliq Richardson,richardsonkharliq,Passing,PassTD,8
2018,Kharliq Richardson,richardsonkharliq,Rushing,RushAtt,151
2018,Kharliq Richardson,richardsonkharliq,Rushing,RushYds,672
2018,Kharliq Richardson,richardsonkharliq,Rushing,RushTD,9
2018,Mitchell Sibenik,sibenikmitchell,Receiving,Receptions,12
2018,Mitchell Sibenik,sibenikmitchell,Receiving,RecYards,213
2018,Mitchell Sibenik,sibenikmitchell,Receiving,RecTD,0
2018,Sean Smith,smithsean,Receiving,Receptions,13
2018,Sean Smith,smithsean,Receiving,RecYards,311
2018,Sean Smith,smithsean,Receiving,RecTD,2
2017,Lovell Armstead,armsteadlovell,Receiving,Receptions,15
2017,Lovell Armstead,armsteadlovell,Receiving,RecYards,217
2017,Lovell Armstead,armsteadlovell,Receiving,RecTD,1
2017,Lovell Armstead,armsteadlovell,Rushing,RushAtt,226
2017,Lovell Armstead,armsteadlovell,Rushing,RushYds,1535
2017,Lovell Armstead,armsteadlovell,Rushing,RushTD,17
2017,Divyne Ford,forddivyne,Rushing,RushAtt,64
2017,Divyne Ford,forddivyne,Rushing,RushYds,300
2017,Divyne Ford,forddivyne,Rushing,RushTD,4
2017,Aaron Plonka,plonkaaaron,Kicking,Extra Points Made,44
2017,Aaron Plonka,plonkaaaron,Kicking,Field Goals Made,5
2017,Aaron Plonka,plonkaaaron,Kicking,Longest Field Goal,32
2017,Aaron Plonka,plonkaaaron,Kicking,Points Scored,59
2017,Eugene Richardson,richardsoneugene,Receiving,Receptions,16
2017,Eugene Richardson,richardsoneugene,Receiving,RecYards,269
2017,Eugene Richardson,richardsoneugene,Receiving,RecTD,2
2017,Jalen Smith,smithjalen,Passing,Attempts,236
2017,Jalen Smith,smithjalen,Passing,Completions,119
2017,Jalen Smith,smithjalen,Passing,Interceptions,13
2017,Jalen Smith,smithjalen,Passing,PassYards,1740
2017,Jalen Smith,smithjalen,Passing,PassTD,18
2017,Jalen Smith,smithjalen,Rushing,RushAtt,163
2017,Jalen Smith,smithjalen,Rushing,RushYds,618
2017,Jalen Smith,smithjalen,Rushing,RushTD,5
2017,Justin Toler,tolerjustin,Receiving,Receptions,30
2017,Justin Toler,tolerjustin,Receiving,RecYards,504
2017,Justin Toler,tolerjustin,Receiving,RecTD,8
2017,Landon Woodson,woodsonlandon,Receiving,Receptions,24
2017,Landon Woodson,woodsonlandon,Receiving,RecYards,480
2017,Landon Woodson,woodsonlandon,Receiving,RecTD,6
2016,MJ Hampton,hamptonmj,Rushing,RushAtt,106
2016,MJ Hampton,hamptonmj,Rushing,RushYds,567
2016,MJ Hampton,hamptonmj,Rushing,RushTD,5
2016,Jamin Lane,lanejamin,Passing,Attempts,196
2016,Jamin Lane,lanejamin,Passing,Completions,89
2016,Jamin Lane,lanejamin,Passing,Interceptions,12
2016,Jamin Lane,lanejamin,Passing,PassYards,1349
2016,Jamin Lane,lanejamin,Passing,PassTD,16
2016,James Rossi,rossijames,Kicking,Extra Points Made,5
2016,James Rossi,rossijames,Kicking,Field Goals Made,1
2016,James Rossi,rossijames,Kicking,Longest Field Goal,27
2016,James Rossi,rossijames,Kicking,Points Scored,8
2016,Daniel Smith,smithdaniel,Receiving,Receptions,14
2016,Daniel Smith,smithdaniel,Receiving,RecYards,345
2016,Daniel Smith,smithdaniel,Receiving,RecTD,2
2016,Daniel Smith,smithdaniel,Rushing,RushAtt,53
2016,Daniel Smith,smithdaniel,Rushing,RushYds,335
2016,Daniel Smith,smithdaniel,Rushing,RushTD,3
2016,Allen Wilcox,wilcoxallen,Kicking,Extra Points Made,7
2016,Allen Wilcox,wilcoxallen,Kicking,Field Goals Made,0
2016,Allen Wilcox,wilcoxallen,Kicking,Points Scored,7
2016,Braeden York,yorkbraeden,Receiving,Receptions,39
2016,Braeden York,yorkbraeden,Receiving,RecYards,501
2016,Braeden York,yorkbraeden,Receiving,RecTD,12
2015,Zevin Holley,holleyzevin,Rushing,RushAtt,176
2015,Zevin Holley,holleyzevin,Rushing,RushYds,761
2015,Zevin Holley,holleyzevin,Rushing,RushTD,5
2015,Jamin Lane,lanejamin,Passing,Attempts,89
2015,Jamin Lane,lanejamin,Passing,Completions,29
2015,Jamin Lane,lanejamin,Passing,PassYards,424
2015,Jamin Lane,lanejamin,Passing,PassTD,3
2014,Garrett Cropp,croppgarrett,Passing,Attempts,244
2014,Garrett Cropp,croppgarrett,Passing,Completions,111
2014,Garrett Cropp,croppgarrett,Passing,PassYards,1184
2014,Garrett Cropp,croppgarrett,Passing,PassTD,6
2014,Garrett Cropp,croppgarrett,Rushing,RushAtt,97
2014,Garrett Cropp,croppgarrett,Rushing,RushYds,251
2014,Garrett Cropp,croppgarrett,Rushing,RushTD,2
2014,Stephen Harris,harrisstephen,Rushing,RushAtt,77
2014,Stephen Harris,harrisstephen,Rushing,RushYds,364
2014,Stephen Harris,harrisstephen,Rushing,RushTD,3
2014,Zevin Holley,holleyzevin,Receiving,Receptions,23
2014,Zevin Holley,holleyzevin,Receiving,RecYards,137
2014,Zevin Holley,holleyzevin,Receiving,RecTD,0
2014,Zevin Holley,holleyzevin,Rushing,RushAtt,180
2014,Zevin Holley,holleyzevin,Rushing,RushYds,585
2014,Zevin Holley,holleyzevin,Rushing,RushTD,6
2014,Brian Klei,kleibrian,Kicking,Extra Points Made,9
2014,Brian Klei,kleibrian,Kicking,Field Goals Made,2
2014,Brian Klei,kleibrian,Kicking,Longest Field Goal,37
2014,Brian Klei,kleibrian,Kicking,Points Scored,15
2014,Joey Lamar,lamarjoey,Receiving,Receptions,11
2014,Joey Lamar,lamarjoey,Receiving,RecYards,154
2014,Joey Lamar,lamarjoey,Receiving,RecTD,0
2014,Noah Robertson,robertsonnoah,Receiving,Receptions,10
2014,Noah Robertson,robertsonnoah,Receiving,RecYards,163
2014,Noah Robertson,robertsonnoah,Receiving,RecTD,0
2014,Philip Smith,smithphilip,Receiving,Receptions,16
2014,Philip Smith,smithphilip,Receiving,RecYards,187
2014,Philip Smith,smithphilip,Receiving,RecTD,0
2013,Christian Arias-Williams,ariaswilliamschristian,Kicking,Extra Points Made,13
2013,Christian Arias-Williams,ariaswilliamschristian,Kicking,Field Goals Made,3
2013,Christian Arias-Williams,ariaswilliamschristian,Kicking,Longest Field Goal,39
2013,Christian Arias-Williams,ariaswilliamschristian,Kicking,Points Scored,22
2013,Garrett Cropp,croppgarrett,Passing,Attempts,170
2013,Garrett Cropp,croppgarrett,Passing,Completions,76
2013,Garrett Cropp,croppgarrett,Passing,PassYards,808
2013,Garrett Cropp,croppgarrett,Passing,PassTD,8
2013,Hunter Endler,endlerhunter,Receiving,Receptions,24
2013,Hunter Endler,endlerhunter,Receiving,RecYards,245
2013,Hunter Endler,endlerhunter,Receiving,RecTD,4
2013,Zevin Holley,holleyzevin,Rushing,RushAtt,153
2013,Zevin Holley,holleyzevin,Rushing,RushYds,596
2013,Zevin Holley,holleyzevin,Rushing,RushTD,2
2013,Joey Lamar,lamarjoey,Receiving,Receptions,19
2013,Joey Lamar,lamarjoey,Receiving,RecYards,237
2013,Joey Lamar,lamarjoey,Receiving,RecTD,2
2012,Billy Bolinsky,bolinskybilly,Passing,Attempts,183
2012,Billy Bolinsky,bolinskybilly,Passing,Completions,88
2012,Billy Bolinsky,bolinskybilly,Passing,PassYards,1506
2012,Billy Bolinsky,bolinskybilly,Passing,PassTD,10
2012,Billy Bolinsky,bolinskybilly,Rushing,RushAtt,135
2012,Billy Bolinsky,bolinskybilly,Rushing,RushYds,217
2012,Billy Bolinsky,bolinskybilly,Rushing,RushTD,4
2012,Evan Greening,greeningevan,Receiving,Receptions,22
2012,Evan Greening,greeningevan,Receiving,RecYards,379
2012,Evan Greening,greeningevan,Receiving,RecTD,1
2012,Da'Shawn Harris,harrisdashawn,Receiving,Receptions,36
2012,Da'Shawn Harris,harrisdashawn,Receiving,RecYards,653
2012,Da'Shawn Harris,harrisdashawn,Receiving,RecTD,6
2012,Da'Shawn Harris,harrisdashawn,Rushing,RushAtt,74
2012,Da'Shawn Harris,harrisdashawn,Rushing,RushYds,622
2012,Da'Shawn Harris,harrisdashawn,Rushing,RushTD,9
2012,Travon Richardson,richardsontravon,Rushing,RushAtt,36
2012,Travon Richardson,richardsontravon,Rushing,RushYds,245
2012,Travon Richardson,richardsontravon,Rushing,RushTD,0
2012,Trey Spindle,spindletrey,Receiving,Receptions,20
2012,Trey Spindle,spindletrey,Receiving,RecYards,273
2012,Trey Spindle,spindletrey,Receiving,RecTD,1
2012,Andrew Williams,williamsandrew,Kicking,Extra Points Made,20
2012,Andrew Williams,williamsandrew,Kicking,Field Goals Made,4
2012,Andrew Williams,williamsandrew,Kicking,Longest Field Goal,39
2012,Andrew Williams,williamsandrew,Kicking,Points Scored,32
2012,Brandon Williams,williamsbrandon,Receiving,Receptions,6
2012,Brandon Williams,williamsbrandon,Receiving,RecYards,123
2012,Brandon Williams,williamsbrandon,Receiving,RecTD,1
2011,Billy Bolinsky,bolinskybilly,Passing,Attempts,144
2011,Billy Bolinsky,bolinskybilly,Passing,Completions,57
2011,Billy Bolinsky,bolinskybilly,Passing,PassYards,818
2011,Billy Bolinsky,bolinskybilly,Passing,PassTD,4
2011,Billy Bolinsky,bolinskybilly,Rushing,RushAtt,110
2011,Billy Bolinsky,bolinskybilly,Rushing,RushYds,443
2011,Billy Bolinsky,bolinskybilly,Rushing,RushTD,6
2011,Marcus Bumbrey,bumbreymarcus,Receiving,Receptions,16
2011,Marcus Bumbrey,bumbreymarcus,Receiving,RecYards,208
2011,Marcus Bumbrey,bumbreymarcus,Receiving,RecTD,2
2011,Marcus Bumbrey,bumbreymarcus,Rushing,RushAtt,13
2011,Marcus Bumbrey,bumbreymarcus,Rushing,RushYds,108
2011,Marcus Bumbrey,bumbreymarcus,Rushing,RushTD,0
2011,Justin Crabbe,crabbejustin,Receiving,Receptions,9
2011,Justin Crabbe,crabbejustin,Receiving,RecYards,130
2011,Justin Crabbe,crabbejustin,Receiving,RecTD,0
2011,Evan Greening,greeningevan,Receiving,Receptions,12
2011,Evan Greening,greeningevan,Receiving,RecYards,221
2011,Evan Greening,greeningevan,Receiving,RecTD,1
2011,Da'Shawn Harris,harrisdashawn,Receiving,Receptions,9
2011,Da'Shawn Harris,harrisdashawn,Receiving,RecYards,132
2011,Da'Shawn Harris,harrisdashawn,Receiving,RecTD,1
2011,Donald Redding,reddingdonald,Rushing,RushAtt,166
2011,Donald Redding,reddingdonald,Rushing,RushYds,978
2011,Donald Redding,reddingdonald,Rushing,RushTD,9
2011,Larry Richardson,richardsonlarry,Rushing,RushAtt,23
2011,Larry Richardson,richardsonlarry,Rushing,RushYds,106
2011,Larry Richardson,richardsonlarry,Rushing,RushTD,1
2011,Travon Richardson,richardsontravon,Rushing,RushAtt,29
2011,Travon Richardson,richardsontravon,Rushing,RushYds,197
2011,Travon Richardson,richardsontravon,Rushing,RushTD,2
2011,Trey Spindle,spindletrey,Receiving,Receptions,6
2011,Trey Spindle,spindletrey,Receiving,RecYards,60
2011,Trey Spindle,spindletrey,Receiving,RecTD,0
2011,Andrew Williams,williamsandrew,Kicking,Extra Points Made,20
2011,Andrew Williams,williamsandrew,Kicking,Field Goals Made,6
2011,Andrew Williams,williamsandrew,Kicking,Longest Field Goal,40
2011,Andrew Williams,williamsandrew,Kicking,Points Scored,38
2010,Billy Bolinsky,bolinskybilly,Passing,Attempts,61
2010,Billy Bolinsky,bolinskybilly,Passing,Completions,25
2010,Billy Bolinsky,bolinskybilly,Passing,PassYards,296
2010,Billy Bolinsky,bolinskybilly,Passing,PassTD,2
2010,Jay Carson,carsonjay,Kicking,Extra Points Made,17
2010,Jay Carson,carsonjay,Kicking,Field Goals Made,3
2010,Jay Carson,carsonjay,Kicking,Longest Field Goal,35
2010,Jay Carson,carsonjay,Kicking,Points Scored,26
2010,Nehemiah Jones,jonesnehemiah,Rushing,RushAtt,102
2010,Nehemiah Jones,jonesnehemiah,Rushing,RushYds,498
2010,Nehemiah Jones,jonesnehemiah,Rushing,RushTD,6
2010,Gaither Mason,masongaither,Passing,Attempts,90
2010,Gaither Mason,masongaither,Passing,Completions,42
2010,Gaither Mason,masongaither,Passing,PassYards,513
2010,Gaither Mason,masongaither,Passing,PassTD,4
2010,Donald Redding,reddingdonald,Rushing,RushAtt,56
2010,Donald Redding,reddingdonald,Rushing,RushYds,244
2010,Donald Redding,reddingdonald,Rushing,RushTD,1
2010,Deion Smith,smithdeion,Receiving,Receptions,20
2010,Deion Smith,smithdeion,Receiving,RecYards,221
2010,Deion Smith,smithdeion,Receiving,RecTD,2
2010,Deion Smith,smithdeion,Rushing,RushAtt,41
2010,Deion Smith,smithdeion,Rushing,RushYds,225
2010,Deion Smith,smithdeion,Rushing,RushTD,1
2009,Clay Bennett,bennettclay,Receiving,Receptions,17
2009,Clay Bennett,bennettclay,Receiving,RecYards,210
2009,Clay Bennett,bennettclay,Receiving,RecTD,1
2009,Jay Carson,carsonjay,Kicking,Extra Points Made,9
2009,Jay Carson,carsonjay,Kicking,Field Goals Made,1
2009,Jay Carson,carsonjay,Kicking,Longest Field Goal,27
2009,Jay Carson,carsonjay,Kicking,Points Scored,12
2009,Gaither Mason,masongaither,Passing,Attempts,88
2009,Gaither Mason,masongaither,Passing,Completions,25
2009,Gaither Mason,masongaither,Passing,PassYards,264
2009,Gaither Mason,masongaither,Passing,PassTD,0
2009,Kyle Oltman,oltmankyle,Passing,Attempts,80
2009,Kyle Oltman,oltmankyle,Passing,Completions,34
2009,Kyle Oltman,oltmankyle,Passing,PassYards,438
2009,Kyle Oltman,oltmankyle,Passing,PassTD,2
2009,Kyle Oltman,oltmankyle,Rushing,RushAtt,87
2009,Kyle Oltman,oltmankyle,Rushing,RushYds,297
2009,Kyle Oltman,oltmankyle,Rushing,RushTD,3
2009,Arkei Shareef,shareefarkei,Rushing,RushAtt,104
2009,Arkei Shareef,shareefarkei,Rushing,RushYds,487
2009,Arkei Shareef,shareefarkei,Rushing,RushTD,3
2008,Clay Bennett,bennettclay,Receiving,Receptions,26
2008,Clay Bennett,bennettclay,Receiving,RecYards,365
2008,Clay Bennett,bennettclay,Receiving,RecTD,0
2008,Eugene Cummings,cummingseugene,Receiving,Receptions,25
2008,Eugene Cummings,cummingseugene,Receiving,RecYards,276
2008,Eugene Cummings,cummingseugene,Receiving,RecTD,0
2008,Dexter McDougle,mcdougledexter,Receiving,Receptions,48
2008,Dexter McDougle,mcdougledexter,Receiving,RecYards,885
2008,Dexter McDougle,mcdougledexter,Receiving,RecTD,11
2008,Dexter McDougle,mcdougledexter,Rushing,RushAtt,76
2008,Dexter McDougle,mcdougledexter,Rushing,RushYds,457
2008,Dexter McDougle,mcdougledexter,Rushing,RushTD,8
2008,Christian Monsivais,monsivaischristian,Passing,Attempts,233
2008,Christian Monsivais,monsivaischristian,Passing,Completions,130
2008,Christian Monsivais,monsivaischristian,Passing,PassYards,2188
2008,Christian Monsivais,monsivaischristian,Passing,PassTD,15
2008,Christian Monsivais,monsivaischristian,Rushing,RushAtt,140
2008,Christian Monsivais,monsivaischristian,Rushing,RushYds,707
2008,Christian Monsivais,monsivaischristian,Rushing,RushTD,12
2008,Deontae Posley,posleydeontae,Receiving,Receptions,7
2008,Deontae Posley,posleydeontae,Receiving,RecYards,141
2008,Deontae Posley,posleydeontae,Receiving,RecTD,0
2008,Jon Reid,reidjon,Receiving,Receptions,20
2008,Jon Reid,reidjon,Receiving,RecYards,427
2008,Jon Reid,reidjon,Receiving,RecTD,4
2008,Jeffrey Roles,rolesjeffrey,Kicking,Extra Points Made,15
2008,Jeffrey Roles,rolesjeffrey,Kicking,Field Goals Made,0
2008,Tyler Ross,rosstyler,Rushing,RushAtt,30
2008,Tyler Ross,rosstyler,Rushing,RushYds,165
2008,Tyler Ross,rosstyler,Rushing,RushTD,2
2007,Dante Cook,cookdante,Receiving,Receptions,17
2007,Dante Cook,cookdante,Receiving,RecYards,339
2007,Dante Cook,cookdante,Receiving,RecTD,2
2007,Dante Cook,cookdante,Rushing,RushAtt,138
2007,Dante Cook,cookdante,Rushing,RushYds,792
2007,Dante Cook,cookdante,Rushing,RushTD,8
2007,Jake Johnson,johnsonjake,Rushing,RushAtt,38
2007,Jake Johnson,johnsonjake,Rushing,RushYds,176
2007,Jake Johnson,johnsonjake,Rushing,RushTD,2
2007,Stephen Lamar,lamarstephen,Passing,Attempts,150
2007,Stephen Lamar,lamarstephen,Passing,Completions,66
2007,Stephen Lamar,lamarstephen,Passing,PassYards,1033
2007,Stephen Lamar,lamarstephen,Passing,PassTD,10
2007,Stephen Lamar,lamarstephen,Rushing,RushAtt,133
2007,Stephen Lamar,lamarstephen,Rushing,RushYds,491
2007,Stephen Lamar,lamarstephen,Rushing,RushTD,7
2007,Dexter McDougle,mcdougledexter,Receiving,Receptions,10
2007,Dexter McDougle,mcdougledexter,Receiving,RecYards,172
2007,Dexter McDougle,mcdougledexter,Receiving,RecTD,2
2007,Stephen Mong,mongstephen,Kicking,Extra Points Made,2
2007,Stephen Mong,mongstephen,Kicking,Field Goals Made,1
2007,Stephen Mong,mongstephen,Kicking,Longest Field Goal,20
2007,Stephen Mong,mongstephen,Kicking,Points Scored,5
2007,Christian Monsivais,monsivaischristian,Passing,Attempts,3
2007,Christian Monsivais,monsivaischristian,Passing,Completions,3
2007,Christian Monsivais,monsivaischristian,Passing,PassYards,28
2007,Christian Monsivais,monsivaischristian,Passing,PassTD,0
2007,Christian Monsivais,monsivaischristian,Receiving,Receptions,3
2007,Christian Monsivais,monsivaischristian,Receiving,RecYards,39
2007,Christian Monsivais,monsivaischristian,Receiving,RecTD,1
2007,Jon Reid,reidjon,Receiving,Receptions,12
2007,Jon Reid,reidjon,Receiving,RecYards,143
2007,Jon Reid,reidjon,Receiving,RecTD,2
2007,Jeffrey Roles,rolesjeffrey,Kicking,Extra Points Made,16
2007,Jeffrey Roles,rolesjeffrey,Kicking,Field Goals Made,1
2007,Jeffrey Roles,rolesjeffrey,Kicking,Longest Field Goal,24
2007,Jeffrey Roles,rolesjeffrey,Kicking,Points Scored,19
2007,Tyler Ross,rosstyler,Receiving,Receptions,4
2007,Tyler Ross,rosstyler,Receiving,RecYards,33
2007,Tyler Ross,rosstyler,Receiving,RecTD,2
2007,Tory Spindle,spindletory,Receiving,Receptions,14
2007,Tory Spindle,spindletory,Receiving,RecYards,237
2007,Tory Spindle,spindletory,Receiving,RecTD,0
2006,Dante Cook,cookdante,Receiving,Receptions,3
2006,Dante Cook,cookdante,Receiving,RecYards,65
2006,Dante Cook,cookdante,Receiving,RecTD,1
2006,Dante Cook,cookdante,Rushing,RushAtt,128
2006,Dante Cook,cookdante,Rushing,RushYds,494
2006,Dante Cook,cookdante,Rushing,RushTD,6
2006,Charlie Grandfield,grandfieldcharlie,Kicking,Extra Points Made,19
2006,Charlie Grandfield,grandfieldcharlie,Kicking,Field Goals Made,6
2006,Charlie Grandfield,grandfieldcharlie,Kicking,Longest Field Goal,42
2006,Charlie Grandfield,grandfieldcharlie,Kicking,Points Scored,37
2006,Donte Johnson,johnsondonte,Receiving,Receptions,2
2006,Donte Johnson,johnsondonte,Receiving,RecYards,106
2006,Donte Johnson,johnsondonte,Receiving,RecTD,1
2006,Jake Johnson,johnsonjake,Rushing,RushAtt,48
2006,Jake Johnson,johnsonjake,Rushing,RushYds,388
2006,Jake Johnson,johnsonjake,Rushing,RushTD,3
2006,Torrey Smith,smithtorrey,Passing,Attempts,35
2006,Torrey Smith,smithtorrey,Passing,Completions,9
2006,Torrey Smith,smithtorrey,Passing,PassYards,230
2006,Torrey Smith,smithtorrey,Passing,PassTD,3
2006,Torrey Smith,smithtorrey,Receiving,Receptions,3
2006,Torrey Smith,smithtorrey,Receiving,RecYards,83
2006,Torrey Smith,smithtorrey,Receiving,RecTD,1
2006,Torrey Smith,smithtorrey,Rushing,RushAtt,163
2006,Torrey Smith,smithtorrey,Rushing,RushYds,825
2006,Torrey Smith,smithtorrey,Rushing,RushTD,6
2005,Daniel Hamilton,hamiltondaniel,Kicking,Extra Points Made,21
2005,Daniel Hamilton,hamiltondaniel,Kicking,Field Goals Made,5
2005,Daniel Hamilton,hamiltondaniel,Kicking,Longest Field Goal,31
2005,Daniel Hamilton,hamiltondaniel,Kicking,Points Scored,36
2005,Stephen Lamar,lamarstephen,Passing,Attempts,45
2005,Stephen Lamar,lamarstephen,Passing,Completions,12
2005,Stephen Lamar,lamarstephen,Passing,PassYards,200
2005,Stephen Lamar,lamarstephen,Passing,PassTD,1
2005,Matthew Pruitt,pruittmatthew,Rushing,RushAtt,66
2005,Matthew Pruitt,pruittmatthew,Rushing,RushYds,412
2005,Matthew Pruitt,pruittmatthew,Rushing,RushTD,2
2005,Wesley Rabens,rabenswesley,Receiving,Receptions,3
2005,Wesley Rabens,rabenswesley,Receiving,RecYards,86
2005,Wesley Rabens,rabenswesley,Receiving,RecTD,1
2005,William Randall,randallwilliam,Rushing,RushAtt,30
2005,William Randall,randallwilliam,Rushing,RushYds,286
2005,William Randall,randallwilliam,Rushing,RushTD,1
2005,Matthew Simms,simmsmatthew,Receiving,Receptions,5
2005,Matthew Simms,simmsmatthew,Receiving,RecYards,65
2005,Matthew Simms,simmsmatthew,Receiving,RecTD,0
2005,Matthew Simms,simmsmatthew,Rushing,RushAtt,82
2005,Matthew Simms,simmsmatthew,Rushing,RushYds,515
2005,Matthew Simms,simmsmatthew,Rushing,RushTD,10
2005,Torrey Smith,smithtorrey,Receiving,Receptions,1
2005,Torrey Smith,smithtorrey,Receiving,RecYards,48
2005,Torrey Smith,smithtorrey,Receiving,RecTD,0
2004,Jeffrey Brown,brownjeffrey,Receiving,Receptions,3
2004,Jeffrey Brown,brownjeffrey,Receiving,RecYards,50
2004,Jeffrey Brown,brownjeffrey,Receiving,RecTD,1
2004,Jeffrey Brown,brownjeffrey,Rushing,RushAtt,107
2004,Jeffrey Brown,brownjeffrey,Rushing,RushYds,621
2004,Jeffrey Brown,brownjeffrey,Rushing,RushTD,4
2004,Shae Caldwell,caldwellshae,Receiving,Receptions,4
2004,Shae Caldwell,caldwellshae,Receiving,RecYards,90
2004,Shae Caldwell,caldwellshae,Receiving,RecTD,0
2004,Matt Frazier,fraziermatt,Receiving,Receptions,9
2004,Matt Frazier,fraziermatt,Receiving,RecYards,148
2004,Matt Frazier,fraziermatt,Receiving,RecTD,1
2004,Daniel Hamilton,hamiltondaniel,Kicking,Extra Points Made,21
2004,Daniel Hamilton,hamiltondaniel,Kicking,Field Goals Made,0
2004,Daniel Hamilton,hamiltondaniel,Kicking,Points Scored,21
2004,Robert Herndon,herndonrobert,Rushing,RushAtt,81
2004,Robert Herndon,herndonrobert,Rushing,RushYds,397
2004,Robert Herndon,herndonrobert,Rushing,RushTD,11
2004,Matthew Simms,simmsmatthew,Rushing,RushAtt,50
2004,Matthew Simms,simmsmatthew,Rushing,RushYds,301
2004,Matthew Simms,simmsmatthew,Rushing,RushTD,2
2004,Torrey Smith,smithtorrey,Passing,Attempts,67
2004,Torrey Smith,smithtorrey,Passing,Completions,21
2004,Torrey Smith,smithtorrey,Passing,PassYards,308
2004,Torrey Smith,smithtorrey,Passing,PassTD,2
2003,Michael Allshouse,allshousemichael,Passing,Attempts,75
2003,Michael Allshouse,allshousemichael,Passing,Completions,32
2003,Michael Allshouse,allshousemichael,Passing,PassYards,550
2003,Michael Allshouse,allshousemichael,Passing,PassTD,5
2003,Matt Brady,bradymatt,Receiving,Receptions,6
2003,Matt Brady,bradymatt,Receiving,RecYards,130
2003,Matt Brady,bradymatt,Receiving,RecTD,0
2003,Matt Brady,bradymatt,Rushing,RushAtt,75
2003,Matt Brady,bradymatt,Rushing,RushYds,449
2003,Matt Brady,bradymatt,Rushing,RushTD,3
2003,Jeffrey Brown,brownjeffrey,Rushing,RushAtt,70
2003,Jeffrey Brown,brownjeffrey,Rushing,RushYds,471
2003,Jeffrey Brown,brownjeffrey,Rushing,RushTD,4
2003,Trey Daiger,daigertrey,Rushing,RushAtt,68
2003,Trey Daiger,daigertrey,Rushing,RushYds,265
2003,Trey Daiger,daigertrey,Rushing,RushTD,7
2003,Ray Damm,dammray,Kicking,Extra Points Made,23
2003,Ray Damm,dammray,Kicking,Field Goals Made,2
2003,Ray Damm,dammray,Kicking,Longest Field Goal,20
2003,Ray Damm,dammray,Kicking,Points Scored,29
2003,Matt Frazier,fraziermatt,Receiving,Receptions,8
2003,Matt Frazier,fraziermatt,Receiving,RecYards,97
2003,Matt Frazier,fraziermatt,Receiving,RecTD,0
2003,Ben Van Zandbergen,vanzandbergenben,Receiving,Receptions,8
2003,Ben Van Zandbergen,vanzandbergenben,Receiving,RecYards,64
2003,Ben Van Zandbergen,vanzandbergenben,Receiving,RecTD,3
2003,Ben Van Zandbergen,vanzandbergenben,Rushing,RushAtt,96
2003,Ben Van Zandbergen,vanzandbergenben,Rushing,RushYds,735
2003,Ben Van Zandbergen,vanzandbergenben,Rushing,RushTD,7
2002,Michael Allshouse,allshousemichael,Passing,Attempts,34
2002,Michael Allshouse,allshousemichael,Passing,Completions,15
2002,Michael Allshouse,allshousemichael,Passing,PassYards,275
2002,Michael Allshouse,allshousemichael,Passing,PassTD,2
2002,Matt Brady,bradymatt,Rushing,RushAtt,60
2002,Matt Brady,bradymatt,Rushing,RushYds,338
2002,Matt Brady,bradymatt,Rushing,RushTD,1
2002,Derrick Burton,burtonderrick,Rushing,RushAtt,24
2002,Derrick Burton,burtonderrick,Rushing,RushYds,192
2002,Derrick Burton,burtonderrick,Rushing,RushTD,1
2002,Ray Damm,dammray,Kicking,Extra Points Made,34
2002,Ray Damm,dammray,Kicking,Field Goals Made,9
2002,Ray Damm,dammray,Kicking,Longest Field Goal,41
2002,Ray Damm,dammray,Kicking,Points Scored,61
2002,Thomas McClelland,mcclellandthomas,Rushing,RushAtt,366
2002,Thomas McClelland,mcclellandthomas,Rushing,RushYds,2536
2002,Thomas McClelland,mcclellandthomas,Rushing,RushTD,27
2002,Kevin Sullivan,sullivankevin,Receiving,Receptions,5
2002,Kevin Sullivan,sullivankevin,Receiving,RecYards,33
2002,Kevin Sullivan,sullivankevin,Receiving,RecTD,0
2002,Kevin Sullivan,sullivankevin,Rushing,RushAtt,52
2002,Kevin Sullivan,sullivankevin,Rushing,RushYds,244
2002,Kevin Sullivan,sullivankevin,Rushing,RushTD,0
2002,Tim Sullivan,sullivantim,Passing,Attempts,32
2002,Tim Sullivan,sullivantim,Passing,Completions,8
2002,Tim Sullivan,sullivantim,Passing,PassYards,132
2002,Tim Sullivan,sullivantim,Passing,PassTD,1
2002,Tim Sullivan,sullivantim,Rushing,RushAtt,106
2002,Tim Sullivan,sullivantim,Rushing,RushYds,708
2002,Tim Sullivan,sullivantim,Rushing,RushTD,3
2002,Robert Thompson,thompsonrobert,Receiving,Receptions,15
2002,Robert Thompson,thompsonrobert,Receiving,RecYards,430
2002,Robert Thompson,thompsonrobert,Receiving,RecTD,4
2001,Matt Conley,conleymatt,Receiving,Receptions,15
2001,Matt Conley,conleymatt,Receiving,RecYards,315
2001,Matt Conley,conleymatt,Receiving,RecTD,6
2001,Brad Hayes,hayesbrad,Passing,Attempts,97
2001,Brad Hayes,hayesbrad,Passing,Completions,37
2001,Brad Hayes,hayesbrad,Passing,PassYards,695
2001,Brad Hayes,hayesbrad,Passing,PassTD,10
2001,Brad Hayes,hayesbrad,Rushing,RushAtt,53
2001,Brad Hayes,hayesbrad,Rushing,RushYds,239
2001,Brad Hayes,hayesbrad,Rushing,RushTD,4
2001,Derek King,kingderek,Receiving,Receptions,8
2001,Derek King,kingderek,Receiving,RecYards,86
2001,Derek King,kingderek,Receiving,RecTD,3
2001,Derek King,kingderek,Rushing,RushAtt,106
2001,Derek King,kingderek,Rushing,RushYds,625
2001,Derek King,kingderek,Rushing,RushTD,1
2001,Thomas McClelland,mcclellandthomas,Rushing,RushAtt,31
2001,Thomas McClelland,mcclellandthomas,Rushing,RushYds,172
2001,Thomas McClelland,mcclellandthomas,Rushing,RushTD,1
2001,Joe O'Sullivan,osullivanjoe,Rushing,RushAtt,158
2001,Joe O'Sullivan,osullivanjoe,Rushing,RushYds,729
2001,Joe O'Sullivan,osullivanjoe,Rushing,RushTD,8
2001,Kevin Sullivan,sullivankevin,Rushing,RushAtt,37
2001,Kevin Sullivan,sullivankevin,Rushing,RushYds,188
2001,Kevin Sullivan,sullivankevin,Rushing,RushTD,1
2001,Tim Sullivan,sullivantim,Receiving,Receptions,5
2001,Tim Sullivan,sullivantim,Receiving,RecYards,54
2001,Tim Sullivan,sullivantim,Receiving,RecTD,0
2001,Blake Willis,willisblake,Kicking,Extra Points Made,25
2001,Blake Willis,willisblake,Kicking,Field Goals Made,2
2001,Blake Willis,willisblake,Kicking,Longest Field Goal,34
2001,Blake Willis,willisblake,Kicking,Points Scored,31
2001,Blake Willis,willisblake,Receiving,Receptions,8
2001,Blake Willis,willisblake,Receiving,RecYards,237
2001,Blake Willis,willisblake,Receiving,RecTD,2
2000,Jason Dauch,dauchjason,Receiving,Receptions,10
2000,Jason Dauch,dauchjason,Receiving,RecYards,235
2000,Jason Dauch,dauchjason,Receiving,RecTD,2
2000,Jason Dauch,dauchjason,Rushing,RushAtt,143
2000,Jason Dauch,dauchjason,Rushing,RushYds,798
2000,Jason Dauch,dauchjason,Rushing,RushTD,7
2000,Brad Hayes,hayesbrad,Passing,Attempts,91
2000,Brad Hayes,hayesbrad,Passing,Completions,31
2000,Brad Hayes,hayesbrad,Passing,PassYards,546
2000,Brad Hayes,hayesbrad,Passing,PassTD,2
2000,Brad Hayes,hayesbrad,Rushing,RushAtt,46
2000,Brad Hayes,hayesbrad,Rushing,RushYds,71
2000,Brad Hayes,hayesbrad,Rushing,RushTD,5
2000,Derek King,kingderek,Rushing,RushAtt,25
2000,Derek King,kingderek,Rushing,RushYds,102
2000,Derek King,kingderek,Rushing,RushTD,1
2000,Rashid McCown,mccownrashid,Rushing,RushAtt,69
2000,Rashid McCown,mccownrashid,Rushing,RushYds,424
2000,Rashid McCown,mccownrashid,Rushing,RushTD,1
2000,Joe O'Sullivan,osullivanjoe,Rushing,RushAtt,102
2000,Joe O'Sullivan,osullivanjoe,Rushing,RushYds,511
2000,Joe O'Sullivan,osullivanjoe,Rushing,RushTD,4
2000,Tim Sullivan,sullivantim,Receiving,Receptions,3
2000,Tim Sullivan,sullivantim,Receiving,RecYards,58
2000,Blake Willis,willisblake,Kicking,Extra Points Made,11
2000,Blake Willis,willisblake,Kicking,Field Goals Made,4
2000,Scott Wolff,wolffscott,Receiving,Receptions,7
2000,Scott Wolff,wolffscott,Receiving,RecYards,11
2000,Dustin Wood,wooddustin,Passing,Attempts,6
2000,Dustin Wood,wooddustin,Passing,Completions,3
2000,Dustin Wood,wooddustin,Passing,PassYards,86
2000,Dustin Wood,wooddustin,Passing,PassTD,0
1999,Dural Dawson,dawsondural,Rushing,RushAtt,86
1999,Dural Dawson,dawsondural,Rushing,RushYds,648
1999,Dural Dawson,dawsondural,Rushing,RushTD,4
1998,Dural Dawson,dawsondural,Rushing,RushAtt,89
1998,Dural Dawson,dawsondural,Rushing,RushYds,557
1998,Dural Dawson,dawsondural,Rushing,RushTD,6
1997,Josh Chamberlin,chamberlinjosh,Receiving,Receptions,22
1997,Josh Chamberlin,chamberlinjosh,Receiving,RecYards,312
1997,Josh Chamberlin,chamberlinjosh,Receiving,RecTD,2
1997,Jay Schmitz,schmitzjay,Passing,PassYards,1099
1997,Jay Schmitz,schmitzjay,Passing,PassTD,6
1995,Troy Farrar,farrartroy,Rushing,RushAtt,187
1995,Troy Farrar,farrartroy,Rushing,RushYds,1145
1994,Troy Farrar,farrartroy,Rushing,RushAtt,230
1994,Troy Farrar,farrartroy,Rushing,RushYds,1290
1994,Troy Farrar,farrartroy,Rushing,RushTD,16
1994,Craig Hughes,hughescraig,Receiving,Receptions,18
1994,Craig Hughes,hughescraig,Receiving,RecYards,214
1994,Craig Hughes,hughescraig,Receiving,RecTD,4
1994,Erick Kingston,kingstonerick,Receiving,Receptions,10
1994,Erick Kingston,kingstonerick,Receiving,RecYards,107
1994,Erick Kingston,kingstonerick,Receiving,RecTD,1
1994,Brian McKenney,mckenneybrian,Rushing,RushAtt,49
1994,Brian McKenney,mckenneybrian,Rushing,RushYds,307
1994,Brian McKenney,mckenneybrian,Rushing,RushTD,1
1994,Eric Schneider,schneidereric,Rushing,RushAtt,98
1994,Eric Schneider,schneidereric,Rushing,RushYds,531
1994,Eric Schneider,schneidereric,Rushing,RushTD,1
1994,Chris Watts,wattschris,Passing,Attempts,105
1994,Chris Watts,wattschris,Passing,Completions,38
1994,Chris Watts,wattschris,Passing,Interceptions,12
1994,Chris Watts,wattschris,Passing,PassYards,399
1994,Chris Watts,wattschris,Passing,PassTD,5
1994,Chris Watts,wattschris,Rushing,RushAtt,42
1994,Chris Watts,wattschris,Rushing,RushYds,49
1994,Chris Watts,wattschris,Rushing,RushTD,5
1993,Erick Kingston,kingstonerick,Receiving,Receptions,10
1993,Erick Kingston,kingstonerick,Receiving,RecYards,120
1993,Erick Kingston,kingstonerick,Receiving,RecTD,1
1990,Dennis Cornwell,cornwelldennis,Rushing,RushAtt,185
1990,Dennis Cornwell,cornwelldennis,Rushing,RushYds,732
1990,Dennis Cornwell,cornwelldennis,Rushing,RushTD,5
1989,Mark Smith,smithmark,Rushing,RushAtt,224
1989,Mark Smith,smithmark,Rushing,RushYds,977
1989,Mark Smith,smithmark,Rushing,RushTD,10
1988,Joe Williams,williamsjoe,Rushing,RushAtt,197
1988,Joe Williams,williamsjoe,Rushing,RushYds,923
1988,Joe Williams,williamsjoe,Rushing,RushTD,8
1986,Monte George,georgemonte,Rushing,RushAtt,199
1986,Monte George,georgemonte,Rushing,RushYds,1043
1986,Monte George,georgemonte,Rushing,RushTD,8
1985,Tony Brown,browntony,Receiving,Receptions,3
1985,Tony Brown,browntony,Receiving,RecYards,45
1985,Tony Brown,browntony,Receiving,RecTD,0
1985,Todd Campbell,campbelltodd,Receiving,Receptions,43
1985,Todd Campbell,campbelltodd,Receiving,RecYards,455
1985,Todd Campbell,campbelltodd,Receiving,RecTD,0
1985,Scott Caple,caplescott,Receiving,Receptions,3
1985,Scott Caple,caplescott,Receiving,RecYards,30
1985,Scott Caple,caplescott,Receiving,RecTD,0
1985,Jeff Chewning,chewningjeff,Receiving,Receptions,1
1985,Jeff Chewning,chewningjeff,Receiving,RecYards,8
1985,Jeff Chewning,chewningjeff,Receiving,RecTD,0
1985,Harry Crisp,crispharry,Rushing,RushAtt,1
1985,Harry Crisp,crispharry,Rushing,RushYds,4
1985,Harry Crisp,crispharry,Rushing,RushTD,0
1985,Chris Doggett,doggettchris,Receiving,Receptions,2
1985,Chris Doggett,doggettchris,Receiving,RecYards,17
1985,Chris Doggett,doggettchris,Receiving,RecTD,0
1985,Trent Douglas,douglastrent,Rushing,RushAtt,4
1985,Trent Douglas,douglastrent,Rushing,RushYds,11
1985,Trent Douglas,douglastrent,Rushing,RushTD,0
1985,Ramon Frye,fryeramon,Receiving,Receptions,1
1985,Ramon Frye,fryeramon,Receiving,RecYards,-1
1985,Ramon Frye,fryeramon,Receiving,RecTD,0
1985,Monte George,georgemonte,Receiving,Receptions,4
1985,Monte George,georgemonte,Receiving,RecYards,30
1985,Monte George,georgemonte,Receiving,RecTD,0
1985,Monte George,georgemonte,Rushing,RushAtt,88
1985,Monte George,georgemonte,Rushing,RushYds,282
1985,Monte George,georgemonte,Rushing,RushTD,2
1985,Phil Jones,jonesphil,Passing,Attempts,195
1985,Phil Jones,jonesphil,Passing,Completions,96
1985,Phil Jones,jonesphil,Passing,Interceptions,8
1985,Phil Jones,jonesphil,Passing,PassYards,1202
1985,Phil Jones,jonesphil,Passing,PassTD,8
1985,Phil Jones,jonesphil,Rushing,RushAtt,60
1985,Phil Jones,jonesphil,Rushing,RushYds,-82
1985,Phil Jones,jonesphil,Rushing,RushTD,0
1985,Perry Kapataidakis,kapataidakisperry,Receiving,Receptions,7
1985,Perry Kapataidakis,kapataidakisperry,Receiving,RecYards,67
1985,Perry Kapataidakis,kapataidakisperry,Receiving,RecTD,0
1985,Randy Lucas,lucasrandy,Rushing,RushAtt,5
1985,Randy Lucas,lucasrandy,Rushing,RushYds,14
1985,Randy Lucas,lucasrandy,Rushing,RushTD,0
1985,Russell Parks,parksrussell,Rushing,RushAtt,12
1985,Russell Parks,parksrussell,Rushing,RushYds,17
1985,Russell Parks,parksrussell,Rushing,RushTD,0
1985,Troy Spindle,spindletroy,Receiving,Receptions,16
1985,Troy Spindle,spindletroy,Receiving,RecYards,247
1985,Troy Spindle,spindletroy,Receiving,RecTD,7
1985,Greg Spruill,spruillgreg,Rushing,RushAtt,41
1985,Greg Spruill,spruillgreg,Rushing,RushYds,75
1985,Greg Spruill,spruillgreg,Rushing,RushTD,1
1985,Otis Washington,washingtonotis,Receiving,Receptions,7
1985,Otis Washington,washingtonotis,Receiving,RecYards,83
1985,Otis Washington,washingtonotis,Receiving,RecTD,0
1985,David Waters,watersdavid,Receiving,Receptions,4
1985,David Waters,watersdavid,Receiving,RecYards,58
1985,David Waters,watersdavid,Receiving,RecTD,1
1985,Kevin Watson,watsonkevin,Receiving,Receptions,2
1985,Kevin Watson,watsonkevin,Receiving,RecYards,17
1985,Kevin Watson,watsonkevin,Receiving,RecTD,0
1985,Kevin Watson,watsonkevin,Rushing,RushAtt,9
1985,Kevin Watson,watsonkevin,Rushing,RushYds,43
1985,Kevin Watson,watsonkevin,Rushing,RushTD,1
1984,Kevin Allard,allardkevin1,Receiving,Receptions,3
1984,Kevin Allard,allardkevin1,Receiving,RecYards,31
1984,Kevin Allard,allardkevin1,Receiving,RecTD,0
1984,Phil Jones,jonesphil,Passing,Attempts,104
1984,Phil Jones,jonesphil,Passing,Completions,42
1984,Phil Jones,jonesphil,Passing,Interceptions,9
1984,Phil Jones,jonesphil,Passing,PassYards,519
1984,Phil Jones,jonesphil,Passing,PassTD,1
1984,Phil Jones,jonesphil,Rushing,RushAtt,61
1984,Phil Jones,jonesphil,Rushing,RushYds,-142
1984,Phil Jones,jonesphil,Rushing,RushTD,0
1984,Eric Killinger,killingereric,Passing,Attempts,1
1984,Eric Killinger,killingereric,Passing,Completions,0
1984,Eric Killinger,killingereric,Passing,Interceptions,0
1984,Eric Killinger,killingereric,Passing,PassYards,0
1984,Eric Killinger,killingereric,Passing,PassTD,0
1984,Eric Killinger,killingereric,Receiving,Receptions,13
1984,Eric Killinger,killingereric,Receiving,RecYards,213
1984,Eric Killinger,killingereric,Receiving,RecTD,0
1984,Billy Lenzi,lenzibilly,Rushing,RushAtt,4
1984,Billy Lenzi,lenzibilly,Rushing,RushYds,8
1984,Billy Lenzi,lenzibilly,Rushing,RushTD,0
1984,Darryl Smith,smithdarryl,Receiving,Receptions,10
1984,Darryl Smith,smithdarryl,Receiving,RecYards,143
1984,Darryl Smith,smithdarryl,Receiving,RecTD,0
1984,Darryl Smith,smithdarryl,Rushing,RushAtt,204
1984,Darryl Smith,smithdarryl,Rushing,RushYds,750
1984,Darryl Smith,smithdarryl,Rushing,RushTD,12
1984,Mike Spruill,spruillmike,Receiving,Receptions,1
1984,Mike Spruill,spruillmike,Receiving,RecYards,9
1984,Mike Spruill,spruillmike,Receiving,RecTD,0
1984,Ray Stephens,stephensray,Receiving,Receptions,1
1984,Ray Stephens,stephensray,Receiving,RecYards,6
1984,Ray Stephens,stephensray,Receiving,RecTD,0
1984,Ray Stephens,stephensray,Rushing,RushAtt,31
1984,Ray Stephens,stephensray,Rushing,RushYds,112
1984,Ray Stephens,stephensray,Rushing,RushTD,0
1984,John Wilcox,wilcoxjohn,Receiving,Receptions,13
1984,John Wilcox,wilcoxjohn,Receiving,RecYards,116
1984,John Wilcox,wilcoxjohn,Receiving,RecTD,1
1984,John Wilcox,wilcoxjohn,Rushing,RushAtt,2
1984,John Wilcox,wilcoxjohn,Rushing,RushYds,-16
1984,John Wilcox,wilcoxjohn,Rushing,RushTD,0
1983,Kurt Decatur,decaturkurt,Rushing,RushAtt,1
1983,Kurt Decatur,decaturkurt,Rushing,RushYds,0
1983,Kurt Decatur,decaturkurt,Rushing,RushTD,0
1983,Johnny Druiett,druiettjohnny,Passing,Attempts,1
1983,Johnny Druiett,druiettjohnny,Passing,Completions,1
1983,Johnny Druiett,druiettjohnny,Passing,Interceptions,0
1983,Johnny Druiett,druiettjohnny,Passing,PassYards,-6
1983,Johnny Druiett,druiettjohnny,Passing,PassTD,0
1983,Johnny Druiett,druiettjohnny,Receiving,Receptions,20
1983,Johnny Druiett,druiettjohnny,Receiving,RecYards,385
1983,Johnny Druiett,druiettjohnny,Receiving,RecTD,3
1983,Johnny Druiett,druiettjohnny,Rushing,RushAtt,2
1983,Johnny Druiett,druiettjohnny,Rushing,RushYds,-27
1983,Johnny Druiett,druiettjohnny,Rushing,RushTD,0
1983,Ricky Faulconer,faulconerricky,Receiving,Receptions,13
1983,Ricky Faulconer,faulconerricky,Receiving,RecYards,204
1983,Ricky Faulconer,faulconerricky,Receiving,RecTD,2
1983,Phil Jones,jonesphil,Passing,Attempts,61
1983,Phil Jones,jonesphil,Passing,Completions,20
1983,Phil Jones,jonesphil,Passing,Interceptions,7
1983,Phil Jones,jonesphil,Passing,PassYards,387
1983,Phil Jones,jonesphil,Passing,PassTD,3
1983,Phil Jones,jonesphil,Receiving,Receptions,4
1983,Phil Jones,jonesphil,Receiving,RecYards,65
1983,Phil Jones,jonesphil,Receiving,RecTD,0
1983,Phil Jones,jonesphil,Rushing,RushAtt,22
1983,Phil Jones,jonesphil,Rushing,RushYds,-1
1983,Phil Jones,jonesphil,Rushing,RushTD,0
1983,Eric Killinger,killingereric,Receiving,Receptions,5
1983,Eric Killinger,killingereric,Receiving,RecYards,48
1983,Eric Killinger,killingereric,Receiving,RecTD,0
1983,Billy Lenzi,lenzibilly,Rushing,RushAtt,1
1983,Billy Lenzi,lenzibilly,Rushing,RushYds,6
1983,Billy Lenzi,lenzibilly,Rushing,RushTD,0
1983,Kevin Mathews,mathewskevin,Receiving,Receptions,1
1983,Kevin Mathews,mathewskevin,Receiving,RecYards,6
1983,Kevin Mathews,mathewskevin,Receiving,RecTD,0
1983,Kevin Mathews,mathewskevin,Rushing,RushAtt,30
1983,Kevin Mathews,mathewskevin,Rushing,RushYds,97
1983,Kevin Mathews,mathewskevin,Rushing,RushTD,1
1983,Darryl Smith,smithdarryl,Passing,Attempts,2
1983,Darryl Smith,smithdarryl,Passing,Completions,1
1983,Darryl Smith,smithdarryl,Passing,Interceptions,0
1983,Darryl Smith,smithdarryl,Passing,PassYards,7
1983,Darryl Smith,smithdarryl,Passing,PassTD,0
1983,Darryl Smith,smithdarryl,Receiving,Receptions,10
1983,Darryl Smith,smithdarryl,Receiving,RecYards,107
1983,Darryl Smith,smithdarryl,Receiving,RecTD,0
1983,Darryl Smith,smithdarryl,Rushing,RushAtt,161
1983,Darryl Smith,smithdarryl,Rushing,RushYds,598
1983,Darryl Smith,smithdarryl,Rushing,RushTD,1
1983,Scott Starnes,starnesscott,Passing,Attempts,143
1983,Scott Starnes,starnesscott,Passing,Completions,47
1983,Scott Starnes,starnesscott,Passing,Interceptions,14
1983,Scott Starnes,starnesscott,Passing,PassYards,556
1983,Scott Starnes,starnesscott,Passing,PassTD,2
1983,Scott Starnes,starnesscott,Rushing,RushAtt,24
1983,Scott Starnes,starnesscott,Rushing,RushYds,50
1983,Scott Starnes,starnesscott,Rushing,RushTD,1
1983,Ray Stephens,stephensray,Receiving,Receptions,2
1983,Ray Stephens,stephensray,Receiving,RecYards,29
1983,Ray Stephens,stephensray,Receiving,RecTD,0
1983,Ray Stephens,stephensray,Rushing,RushAtt,29
1983,Ray Stephens,stephensray,Rushing,RushYds,79
1983,Ray Stephens,stephensray,Rushing,RushTD,0
1983,Rick Swenson,swensonrick,Receiving,Receptions,12
1983,Rick Swenson,swensonrick,Receiving,RecYards,111
1983,Rick Swenson,swensonrick,Receiving,RecTD,0
1982,Spencer Berry,berryspencer,Receiving,Receptions,2
1982,Spencer Berry,berryspencer,Receiving,RecYards,16
1982,Spencer Berry,berryspencer,Receiving,RecTD,0
1982,Spencer Berry,berryspencer,Rushing,RushAtt,13
1982,Spencer Berry,berryspencer,Rushing,RushYds,34
1982,Spencer Berry,berryspencer,Rushing,RushTD,0
1982,Kurt Decatur,decaturkurt,Rushing,RushAtt,2
1982,Kurt Decatur,decaturkurt,Rushing,RushYds,1
1982,Kurt Decatur,decaturkurt,Rushing,RushTD,1
1982,Johnny Druiett,druiettjohnny,Receiving,Receptions,6
1982,Johnny Druiett,druiettjohnny,Receiving,RecYards,85
1982,Johnny Druiett,druiettjohnny,Receiving,RecTD,0
1982,Ricky Faulconer,faulconerricky,Receiving,Receptions,9
1982,Ricky Faulconer,faulconerricky,Receiving,RecYards,182
1982,Ricky Faulconer,faulconerricky,Receiving,RecTD,1
1982,Tom Kutz,kutztom,Receiving,Receptions,11
1982,Tom Kutz,kutztom,Receiving,RecYards,196
1982,Tom Kutz,kutztom,Receiving,RecTD,4
1982,Tom Kutz,kutztom,Rushing,RushAtt,5
1982,Tom Kutz,kutztom,Rushing,RushYds,51
1982,Tom Kutz,kutztom,Rushing,RushTD,0
1982,Kevin Mathews,mathewskevin,Receiving,Receptions,1
1982,Kevin Mathews,mathewskevin,Receiving,RecYards,-8
1982,Kevin Mathews,mathewskevin,Receiving,RecTD,0
1982,Kevin Mathews,mathewskevin,Rushing,RushAtt,21
1982,Kevin Mathews,mathewskevin,Rushing,RushYds,57
1982,Kevin Mathews,mathewskevin,Rushing,RushTD,0
1982,Andre Minor,minorandre,Rushing,RushAtt,1
1982,Andre Minor,minorandre,Rushing,RushYds,0
1982,Andre Minor,minorandre,Rushing,RushTD,0
1982,Kevin Moran,morankevin,Receiving,Receptions,2
1982,Kevin Moran,morankevin,Receiving,RecYards,83
1982,Kevin Moran,morankevin,Receiving,RecTD,0
1982,Rick Rodriguez,rodriguezrick,Receiving,Receptions,4
1982,Rick Rodriguez,rodriguezrick,Receiving,RecYards,19
1982,Rick Rodriguez,rodriguezrick,Receiving,RecTD,0
1982,Rick Rodriguez,rodriguezrick,Rushing,RushAtt,54
1982,Rick Rodriguez,rodriguezrick,Rushing,RushYds,165
1982,Rick Rodriguez,rodriguezrick,Rushing,RushTD,1
1982,Lamond Roye,royelamond,Passing,Attempts,13
1982,Lamond Roye,royelamond,Passing,Completions,1
1982,Lamond Roye,royelamond,Passing,Interceptions,2
1982,Lamond Roye,royelamond,Passing,PassYards,41
1982,Lamond Roye,royelamond,Passing,PassTD,0
1982,Lamond Roye,royelamond,Receiving,Receptions,45
1982,Lamond Roye,royelamond,Receiving,RecYards,782
1982,Lamond Roye,royelamond,Receiving,RecTD,6
1982,Lamond Roye,royelamond,Rushing,RushAtt,5
1982,Lamond Roye,royelamond,Rushing,RushYds,0
1982,Lamond Roye,royelamond,Rushing,RushTD,0
1982,Darryl Smith,smithdarryl,Receiving,Receptions,4
1982,Darryl Smith,smithdarryl,Receiving,RecYards,36
1982,Darryl Smith,smithdarryl,Receiving,RecTD,0
1982,Darryl Smith,smithdarryl,Rushing,RushAtt,93
1982,Darryl Smith,smithdarryl,Rushing,RushYds,395
1982,Darryl Smith,smithdarryl,Rushing,RushTD,2
1982,Scott Starnes,starnesscott,Passing,Attempts,268
1982,Scott Starnes,starnesscott,Passing,Completions,93
1982,Scott Starnes,starnesscott,Passing,Interceptions,29
1982,Scott Starnes,starnesscott,Passing,PassYards,1517
1982,Scott Starnes,starnesscott,Passing,PassTD,11
1982,Scott Starnes,starnesscott,Rushing,RushAtt,38
1982,Scott Starnes,starnesscott,Rushing,RushYds,-85
1982,Scott Starnes,starnesscott,Rushing,RushTD,1
1982,Harvey Wilson,wilsonharvey,Receiving,Receptions,8
1982,Harvey Wilson,wilsonharvey,Receiving,RecYards,157
1982,Harvey Wilson,wilsonharvey,Receiving,RecTD,0
1981,Eddie Haynes,hayneseddie,Passing,Attempts,104
1981,Eddie Haynes,hayneseddie,Passing,Completions,61
1981,Eddie Haynes,hayneseddie,Passing,Interceptions,8
1981,Eddie Haynes,hayneseddie,Passing,PassYards,696
1981,Eddie Haynes,hayneseddie,Passing,PassTD,8
1981,Eddie Haynes,hayneseddie,Rushing,RushAtt,29
1981,Eddie Haynes,hayneseddie,Rushing,RushYds,-99
1981,Eddie Haynes,hayneseddie,Rushing,RushTD,0
1981,Peter Janss,jansspeter,Receiving,Receptions,4
1981,Peter Janss,jansspeter,Receiving,RecYards,36
1981,Peter Janss,jansspeter,Receiving,RecTD,2
1981,Mike Johnson,johnsonmike2,Receiving,Receptions,15
1981,Mike Johnson,johnsonmike2,Receiving,RecYards,233
1981,Mike Johnson,johnsonmike2,Receiving,RecTD,2
1981,Leroy King,kingleroy,Receiving,Receptions,12
1981,Leroy King,kingleroy,Receiving,RecYards,101
1981,Leroy King,kingleroy,Receiving,RecTD,0
1981,Leroy King,kingleroy,Rushing,RushAtt,173
1981,Leroy King,kingleroy,Rushing,RushYds,802
1981,Leroy King,kingleroy,Rushing,RushTD,6
1981,Tom Kutz,kutztom,Receiving,Receptions,11
1981,Tom Kutz,kutztom,Receiving,RecYards,86
1981,Tom Kutz,kutztom,Receiving,RecTD,0
1981,Marty Martinussen,martinussenmarty,Rushing,RushAtt,19
1981,Marty Martinussen,martinussenmarty,Rushing,RushYds,88
1981,Marty Martinussen,martinussenmarty,Rushing,RushTD,1
1981,Phil Rice,ricephil,Receiving,Receptions,5
1981,Phil Rice,ricephil,Receiving,RecYards,73
1981,Phil Rice,ricephil,Receiving,RecTD,3
1981,Lamond Roye,royelamond,Receiving,Receptions,2
1981,Lamond Roye,royelamond,Receiving,RecYards,0
1981,Lamond Roye,royelamond,Receiving,RecTD,0
1981,John Sharpe,sharpejohn,Receiving,Receptions,6
1981,John Sharpe,sharpejohn,Receiving,RecYards,99
1981,John Sharpe,sharpejohn,Receiving,RecTD,1
1981,Scott Starnes,starnesscott,Passing,Attempts,2
1981,Scott Starnes,starnesscott,Passing,Completions,0
1981,Scott Starnes,starnesscott,Passing,Interceptions,0
1981,Scott Starnes,starnesscott,Passing,PassYards,0
1981,Scott Starnes,starnesscott,Passing,PassTD,0
1981,Scott Starnes,starnesscott,Rushing,RushAtt,2
1981,Scott Starnes,starnesscott,Rushing,RushYds,-4
1981,Scott Starnes,starnesscott,Rushing,RushTD,0
1981,Robert Wilder,wilderrobert,Receiving,Receptions,1
1981,Robert Wilder,wilderrobert,Receiving,RecYards,7
1981,Robert Wilder,wilderrobert,Receiving,RecTD,0
1981,Robert Wilder,wilderrobert,Rushing,RushAtt,134
1981,Robert Wilder,wilderrobert,Rushing,RushYds,627
1981,Robert Wilder,wilderrobert,Rushing,RushTD,4
1980,Richie Alstaetter,alstaetterrichie,Kicking,Extra Points Made,18
1980,Richie Alstaetter,alstaetterrichie,Kicking,Field Goals Made,4
1980,Richie Alstaetter,alstaetterrichie,Receiving,Receptions,23
1980,Richie Alstaetter,alstaetterrichie,Receiving,RecYards,363
1980,Richie Alstaetter,alstaetterrichie,Receiving,RecTD,2
1980,Tommy Dixon,dixontommy,Rushing,RushAtt,7
1980,Tommy Dixon,dixontommy,Rushing,RushYds,16
1980,Ralph Faulconer,faulconerralph,Kicking,Extra Points Made,1
1980,Ralph Faulconer,faulconerralph,Receiving,Receptions,13
1980,Ralph Faulconer,faulconerralph,Receiving,RecYards,137
1980,Ralph Faulconer,faulconerralph,Receiving,RecTD,1
1980,Ralph Faulconer,faulconerralph,Rushing,RushAtt,71
1980,Ralph Faulconer,faulconerralph,Rushing,RushYds,541
1980,Ralph Faulconer,faulconerralph,Rushing,RushTD,9
1980,Eddie Haynes,hayneseddie,Passing,Attempts,57
1980,Eddie Haynes,hayneseddie,Passing,Completions,30
1980,Eddie Haynes,hayneseddie,Passing,Interceptions,4
1980,Eddie Haynes,hayneseddie,Passing,PassYards,380
1980,Eddie Haynes,hayneseddie,Passing,PassTD,4
1980,Eddie Haynes,hayneseddie,Rushing,RushAtt,15
1980,Eddie Haynes,hayneseddie,Rushing,RushYds,-27
1980,Peter Janss,jansspeter,Receiving,Receptions,4
1980,Peter Janss,jansspeter,Receiving,RecYards,66
1980,Peter Janss,jansspeter,Receiving,RecTD,2
1980,Mike Justice,justicemike,Receiving,Receptions,2
1980,Mike Justice,justicemike,Receiving,RecYards,20
1980,Mike Justice,justicemike,Receiving,RecTD,0
1980,Leroy King,kingleroy,Kicking,Extra Points Made,1
1980,Leroy King,kingleroy,Receiving,Receptions,9
1980,Leroy King,kingleroy,Receiving,RecYards,73
1980,Leroy King,kingleroy,Receiving,RecTD,1
1980,Leroy King,kingleroy,Rushing,RushAtt,97
1980,Leroy King,kingleroy,Rushing,RushYds,690
1980,Leroy King,kingleroy,Rushing,RushTD,7
1980,Marty Martinussen,martinussenmarty,Rushing,RushAtt,4
1980,Marty Martinussen,martinussenmarty,Rushing,RushYds,4
1980,James Parker,parkerjames,Rushing,RushAtt,19
1980,James Parker,parkerjames,Rushing,RushYds,70
1980,James Parker,parkerjames,Rushing,RushTD,2
1980,Phil Rice,ricephil,Receiving,Receptions,7
1980,Phil Rice,ricephil,Receiving,RecYards,49
1980,Phil Rice,ricephil,Receiving,RecTD,0
1980,Lamond Roye,royelamond,Receiving,Receptions,4
1980,Lamond Roye,royelamond,Receiving,RecYards,34
1980,Lamond Roye,royelamond,Receiving,RecTD,0
1980,Mark Ryhanych,ryhanychmark,Passing,Attempts,57
1980,Mark Ryhanych,ryhanychmark,Passing,Completions,37
1980,Mark Ryhanych,ryhanychmark,Passing,Interceptions,4
1980,Mark Ryhanych,ryhanychmark,Passing,PassYards,436
1980,Mark Ryhanych,ryhanychmark,Passing,PassTD,2
1980,Mark Ryhanych,ryhanychmark,Rushing,RushAtt,14
1980,Mark Ryhanych,ryhanychmark,Rushing,RushYds,-50
1980,Robert Wilder,wilderrobert,Receiving,Receptions,4
1980,Robert Wilder,wilderrobert,Receiving,RecYards,49
1980,Robert Wilder,wilderrobert,Receiving,RecTD,0
1980,Robert Wilder,wilderrobert,Rushing,RushAtt,94
1980,Robert Wilder,wilderrobert,Rushing,RushYds,358
1980,Robert Wilder,wilderrobert,Rushing,RushTD,3
1979,James Bell,belljames,Rushing,RushAtt,1
1979,James Bell,belljames,Rushing,RushYds,13
1979,Steve Dietrich,dietrichsteve,Rushing,RushAtt,8
1979,Steve Dietrich,dietrichsteve,Rushing,RushYds,34
1979,Ralph Faulconer,faulconerralph,Receiving,Receptions,1
1979,Ralph Faulconer,faulconerralph,Receiving,RecYards,7
1979,Ralph Faulconer,faulconerralph,Receiving,RecTD,0
1979,Ralph Faulconer,faulconerralph,Rushing,RushAtt,42
1979,Ralph Faulconer,faulconerralph,Rushing,RushYds,129
1979,Eddie Haynes,hayneseddie,Passing,Attempts,15
1979,Eddie Haynes,hayneseddie,Passing,Completions,3
1979,Eddie Haynes,hayneseddie,Passing,Interceptions,2
1979,Eddie Haynes,hayneseddie,Passing,PassYards,33
1979,Eddie Haynes,hayneseddie,Passing,PassTD,0
1979,Eddie Haynes,hayneseddie,Rushing,RushAtt,9
1979,Eddie Haynes,hayneseddie,Rushing,RushYds,-29
1979,Donald Johnson,johnsondonald,Passing,Attempts,1
1979,Donald Johnson,johnsondonald,Passing,Completions,0
1979,Donald Johnson,johnsondonald,Passing,Interceptions,0
1979,Donald Johnson,johnsondonald,Passing,PassYards,0
1979,Donald Johnson,johnsondonald,Passing,PassTD,0
1979,Donald Johnson,johnsondonald,Receiving,Receptions,4
1979,Donald Johnson,johnsondonald,Receiving,RecYards,44
1979,Donald Johnson,johnsondonald,Receiving,RecTD,0
1979,Donald Johnson,johnsondonald,Rushing,RushAtt,122
1979,Donald Johnson,johnsondonald,Rushing,RushYds,299
1979,Donald Johnson,johnsondonald,Rushing,RushTD,1
1979,Mike Johnson,johnsonmike2,Receiving,Receptions,1
1979,Mike Johnson,johnsonmike2,Receiving,RecYards,9
1979,Mike Johnson,johnsonmike2,Receiving,RecTD,0
1979,Mike Justice,justicemike,Rushing,RushAtt,2
1979,Mike Justice,justicemike,Rushing,RushYds,-2
1979,Leroy King,kingleroy,Rushing,RushAtt,9
1979,Leroy King,kingleroy,Rushing,RushYds,16
1979,Marty Martinussen,martinussenmarty,Rushing,RushAtt,1
1979,Marty Martinussen,martinussenmarty,Rushing,RushYds,11
1979,Mike McDonald,mcdonaldmike,Receiving,Receptions,10
1979,Mike McDonald,mcdonaldmike,Receiving,RecYards,118
1979,Mike McDonald,mcdonaldmike,Receiving,RecTD,1
1979,Charlie Penn,penncharlie,Passing,Attempts,4
1979,Charlie Penn,penncharlie,Passing,Completions,0
1979,Charlie Penn,penncharlie,Passing,Interceptions,0
1979,Charlie Penn,penncharlie,Passing,PassYards,0
1979,Charlie Penn,penncharlie,Passing,PassTD,0
1979,Charlie Penn,penncharlie,Rushing,RushAtt,11
1979,Charlie Penn,penncharlie,Rushing,RushYds,27
1979,Mike Price,pricemike,Receiving,Receptions,7
1979,Mike Price,pricemike,Receiving,RecYards,86
1979,Mike Price,pricemike,Receiving,RecTD,0
1979,Mike Price,pricemike,Rushing,RushAtt,9
1979,Mike Price,pricemike,Rushing,RushYds,44
1979,Mike Price,pricemike,Rushing,RushTD,1
1979,Phil Rice,ricephil,Receiving,Receptions,1
1979,Phil Rice,ricephil,Receiving,RecYards,10
1979,Phil Rice,ricephil,Receiving,RecTD,0
1979,Keith Robertson,robertsonkeith,Receiving,Receptions,1
1979,Keith Robertson,robertsonkeith,Receiving,RecYards,60
1979,Keith Robertson,robertsonkeith,Receiving,RecTD,1
1979,Jimmy Shaffer,shafferjimmy,Passing,Attempts,76
1979,Jimmy Shaffer,shafferjimmy,Passing,Completions,22
1979,Jimmy Shaffer,shafferjimmy,Passing,Interceptions,7
1979,Jimmy Shaffer,shafferjimmy,Passing,PassYards,301
1979,Jimmy Shaffer,shafferjimmy,Passing,PassTD,2
1979,Jimmy Shaffer,shafferjimmy,Rushing,RushAtt,43
1979,Jimmy Shaffer,shafferjimmy,Rushing,RushYds,34
1979,Jimmy Shaffer,shafferjimmy,Rushing,RushTD,3
1979,Alan Spinney,spinneyalan,Rushing,RushAtt,106
1979,Alan Spinney,spinneyalan,Rushing,RushYds,373
1979,Alan Spinney,spinneyalan,Rushing,RushTD,1
1979,Chris Wiltse,wiltsechris,Passing,Attempts,1
1979,Chris Wiltse,wiltsechris,Passing,Completions,0
1979,Chris Wiltse,wiltsechris,Passing,Interceptions,0
1979,Chris Wiltse,wiltsechris,Passing,PassYards,0
1979,Chris Wiltse,wiltsechris,Passing,PassTD,0
1978,James Bell,belljames,Receiving,Receptions,1
1978,James Bell,belljames,Receiving,RecYards,-4
1978,James Bell,belljames,Receiving,RecTD,0
1978,James Bell,belljames,Rushing,RushAtt,18
1978,James Bell,belljames,Rushing,RushYds,53
1978,Mark Evelsizer,evelsizermark,Passing,Attempts,15
1978,Mark Evelsizer,evelsizermark,Passing,Completions,3
1978,Mark Evelsizer,evelsizermark,Passing,Interceptions,4
1978,Mark Evelsizer,evelsizermark,Passing,PassYards,45
1978,Mark Evelsizer,evelsizermark,Passing,PassTD,1
1978,Mark Evelsizer,evelsizermark,Rushing,RushAtt,12
1978,Mark Evelsizer,evelsizermark,Rushing,RushYds,15
1978,Ralph Faulconer,faulconerralph,Rushing,RushAtt,25
1978,Ralph Faulconer,faulconerralph,Rushing,RushYds,93
1978,Ralph Faulconer,faulconerralph,Rushing,RushTD,2
1978,Mark Gorby,gorbymark,Receiving,Receptions,1
1978,Mark Gorby,gorbymark,Receiving,RecYards,23
1978,Mark Gorby,gorbymark,Receiving,RecTD,0
1978,Skeeter Jackson,jacksonskeeter,Receiving,Receptions,20
1978,Skeeter Jackson,jacksonskeeter,Receiving,RecYards,402
1978,Skeeter Jackson,jacksonskeeter,Receiving,RecTD,5
1978,Donald Johnson,johnsondonald,Passing,Attempts,3
1978,Donald Johnson,johnsondonald,Passing,Completions,1
1978,Donald Johnson,johnsondonald,Passing,Interceptions,0
1978,Donald Johnson,johnsondonald,Passing,PassYards,21
1978,Donald Johnson,johnsondonald,Passing,PassTD,1
1978,Donald Johnson,johnsondonald,Receiving,Receptions,1
1978,Donald Johnson,johnsondonald,Receiving,RecYards,9
1978,Donald Johnson,johnsondonald,Receiving,RecTD,0
1978,Donald Johnson,johnsondonald,Rushing,RushAtt,145
1978,Donald Johnson,johnsondonald,Rushing,RushYds,682
1978,Donald Johnson,johnsondonald,Rushing,RushTD,8
1978,Brad Liedel,liedelbrad,Rushing,RushAtt,53
1978,Brad Liedel,liedelbrad,Rushing,RushYds,159
1978,Brad Liedel,liedelbrad,Rushing,RushTD,1
1978,Kenny Penn,pennkenny,Rushing,RushAtt,11
1978,Kenny Penn,pennkenny,Rushing,RushYds,58
1978,Kenny Penn,pennkenny,Rushing,RushTD,1
1978,Mike Price,pricemike,Receiving,Receptions,1
1978,Mike Price,pricemike,Receiving,RecYards,11
1978,Mike Price,pricemike,Receiving,RecTD,0
1978,Mike Price,pricemike,Rushing,RushAtt,42
1978,Mike Price,pricemike,Rushing,RushYds,124
1978,Brian Reynolds,reynoldsbrian,Receiving,Receptions,1
1978,Brian Reynolds,reynoldsbrian,Receiving,RecYards,9
1978,Brian Reynolds,reynoldsbrian,Receiving,RecTD,0
1978,Brian Reynolds,reynoldsbrian,Rushing,RushAtt,3
1978,Brian Reynolds,reynoldsbrian,Rushing,RushYds,1
1978,Jim Rice,ricejim,Rushing,RushAtt,1
1978,Jim Rice,ricejim,Rushing,RushYds,-8
1978,Joe Terembes,terembesjoe,Passing,Attempts,57
1978,Joe Terembes,terembesjoe,Passing,Completions,20
1978,Joe Terembes,terembesjoe,Passing,Interceptions,9
1978,Joe Terembes,terembesjoe,Passing,PassYards,369
1978,Joe Terembes,terembesjoe,Passing,PassTD,3
1978,Joe Terembes,terembesjoe,Rushing,RushAtt,49
1978,Joe Terembes,terembesjoe,Rushing,RushYds,-2
1977,Calhoun Berryman,berrymancalhoun,Rushing,RushAtt,67
1977,Calhoun Berryman,berrymancalhoun,Rushing,RushYds,355
1977,Calhoun Berryman,berrymancalhoun,Rushing,RushTD,2
1977,George Estes,estesgeorge,Receiving,Receptions,1
1977,George Estes,estesgeorge,Receiving,RecYards,23
1977,George Estes,estesgeorge,Receiving,RecTD,0
1977,George Estes,estesgeorge,Rushing,RushAtt,56
1977,George Estes,estesgeorge,Rushing,RushYds,256
1977,George Estes,estesgeorge,Rushing,RushTD,1
1977,Joe Hamn,hamnjoe,Rushing,RushAtt,4
1977,Joe Hamn,hamnjoe,Rushing,RushYds,12
1977,Ernie Haynes,haynesernie,Rushing,RushAtt,4
1977,Ernie Haynes,haynesernie,Rushing,RushYds,7
1977,Mark Hines,hinesmark,Receiving,Receptions,19
1977,Mark Hines,hinesmark,Receiving,RecYards,262
1977,Mark Hines,hinesmark,Receiving,RecTD,1
1977,Skeeter Jackson,jacksonskeeter,Rushing,RushAtt,1
1977,Skeeter Jackson,jacksonskeeter,Rushing,RushYds,-7
1977,Donald Johnson,johnsondonald,Rushing,RushAtt,62
1977,Donald Johnson,johnsondonald,Rushing,RushYds,369
1977,Donald Johnson,johnsondonald,Rushing,RushTD,1
1977,William Jones,joneswilliam2,Rushing,RushAtt,1
1977,William Jones,joneswilliam2,Rushing,RushYds,-15
1977,Ralph King,kingralph,Receiving,Receptions,18
1977,Ralph King,kingralph,Receiving,RecYards,319
1977,Ralph King,kingralph,Receiving,RecTD,3
1977,Glenn Lovitt,lovittglenn,Receiving,Receptions,1
1977,Glenn Lovitt,lovittglenn,Receiving,RecYards,13
1977,Glenn Lovitt,lovittglenn,Receiving,RecTD,0
1977,Glenn Lovitt,lovittglenn,Rushing,RushAtt,77
1977,Glenn Lovitt,lovittglenn,Rushing,RushYds,292
1977,Glenn Lovitt,lovittglenn,Rushing,RushTD,2
1977,Kenny Penn,pennkenny,Rushing,RushAtt,3
1977,Kenny Penn,pennkenny,Rushing,RushYds,3
1977,Glenn Ryhanych,ryhanychglenn,Passing,Attempts,93
1977,Glenn Ryhanych,ryhanychglenn,Passing,Completions,42
1977,Glenn Ryhanych,ryhanychglenn,Passing,Interceptions,7
1977,Glenn Ryhanych,ryhanychglenn,Passing,PassYards,643
1977,Glenn Ryhanych,ryhanychglenn,Passing,PassTD,4
1977,Glenn Ryhanych,ryhanychglenn,Rushing,RushAtt,85
1977,Glenn Ryhanych,ryhanychglenn,Rushing,RushYds,-68
1977,Johnny Watts,wattsjohnny,Receiving,Receptions,1
1977,Johnny Watts,wattsjohnny,Receiving,RecYards,27
1977,Johnny Watts,wattsjohnny,Receiving,RecTD,0
1977,Johnny Watts,wattsjohnny,Rushing,RushAtt,28
1977,Johnny Watts,wattsjohnny,Rushing,RushYds,117
1976,George Estes,estesgeorge,Receiving,Receptions,9
1976,George Estes,estesgeorge,Receiving,RecYards,117
1976,George Estes,estesgeorge,Receiving,RecTD,1
1976,George Estes,estesgeorge,Rushing,RushAtt,75
1976,George Estes,estesgeorge,Rushing,RushYds,292
1976,George Estes,estesgeorge,Rushing,RushTD,1
1976,Keith Foster,fosterkeith,Receiving,Receptions,1
1976,Keith Foster,fosterkeith,Receiving,RecYards,17
1976,Steve Harding,hardingsteve,Passing,Attempts,138
1976,Steve Harding,hardingsteve,Passing,Completions,69
1976,Steve Harding,hardingsteve,Passing,Interceptions,8
1976,Steve Harding,hardingsteve,Passing,PassYards,811
1976,Steve Harding,hardingsteve,Passing,PassTD,4
1976,Steve Harding,hardingsteve,Receiving,Receptions,1
1976,Steve Harding,hardingsteve,Receiving,RecYards,6
1976,Steve Harding,hardingsteve,Rushing,RushAtt,96
1976,Steve Harding,hardingsteve,Rushing,RushYds,13
1976,Steve Harding,hardingsteve,Rushing,RushTD,1
1976,Ranny Heflin,heflinranny,Rushing,RushAtt,1
1976,Ranny Heflin,heflinranny,Rushing,RushYds,-3
1976,Ranny Heflin,heflinranny,Rushing,RushTD,0
1976,Mark Hines,hinesmark,Receiving,Receptions,23
1976,Mark Hines,hinesmark,Receiving,RecYards,316
1976,Mark Hines,hinesmark,Receiving,RecTD,1
1976,Danny Hopkins,hopkinsdanny,Receiving,Receptions,2
1976,Danny Hopkins,hopkinsdanny,Receiving,RecYards,38
1976,Danny Hopkins,hopkinsdanny,Receiving,RecTD,1
1976,Danny Hopkins,hopkinsdanny,Rushing,RushAtt,44
1976,Danny Hopkins,hopkinsdanny,Rushing,RushYds,139
1976,Danny Hopkins,hopkinsdanny,Rushing,RushTD,2
1976,Ralph Johnson,johnsonralph,Receiving,Receptions,8
1976,Ralph Johnson,johnsonralph,Receiving,RecYards,60
1976,Maurice Juggins,jugginsmaurice,Receiving,Receptions,2
1976,Maurice Juggins,jugginsmaurice,Receiving,RecYards,6
1976,Maurice Juggins,jugginsmaurice,Rushing,RushAtt,50
1976,Maurice Juggins,jugginsmaurice,Rushing,RushYds,162
1976,Maurice Juggins,jugginsmaurice,Rushing,RushTD,3
1976,Jim Rice,ricejim,Rushing,RushAtt,1
1976,Jim Rice,ricejim,Rushing,RushYds,0
1976,Jim Rice,ricejim,Rushing,RushTD,0
1976,Rick Sullivan,sullivanrick,Rushing,RushAtt,45
1976,Rick Sullivan,sullivanrick,Rushing,RushYds,187
1976,Rick Sullivan,sullivanrick,Rushing,RushTD,1
1976,Charlie Swidrak,swidrakcharlie,Receiving,Receptions,3
1976,Charlie Swidrak,swidrakcharlie,Receiving,RecYards,30
1976,Kevin Wholey,wholeykevin,Passing,Attempts,1
1976,Kevin Wholey,wholeykevin,Passing,Completions,1
1976,Kevin Wholey,wholeykevin,Passing,Interceptions,0
1976,Kevin Wholey,wholeykevin,Passing,PassYards,6
1976,Kevin Wholey,wholeykevin,Passing,PassTD,0
1976,Kevin Wholey,wholeykevin,Receiving,Receptions,21
1976,Kevin Wholey,wholeykevin,Receiving,RecYards,227
1976,Kevin Wholey,wholeykevin,Receiving,RecTD,1
1976,Kevin Wholey,wholeykevin,Rushing,RushAtt,1
1976,Kevin Wholey,wholeykevin,Rushing,RushYds,6
1976,Kevin Wholey,wholeykevin,Rushing,RushTD,0
1975,Keith Buckner,bucknerkeith,Passing,Attempts,1
1975,Keith Buckner,bucknerkeith,Passing,Completions,1
1975,Keith Buckner,bucknerkeith,Passing,Interceptions,0
1975,Keith Buckner,bucknerkeith,Passing,PassYards,5
1975,Keith Buckner,bucknerkeith,Passing,PassTD,1
1975,Keith Buckner,bucknerkeith,Receiving,Receptions,13
1975,Keith Buckner,bucknerkeith,Receiving,RecYards,244
1975,Keith Buckner,bucknerkeith,Receiving,RecTD,1
1975,Keith Buckner,bucknerkeith,Rushing,RushAtt,99
1975,Keith Buckner,bucknerkeith,Rushing,RushYds,715
1975,Keith Buckner,bucknerkeith,Rushing,RushTD,7
1975,Earl Bumbrey,bumbreyearl,Rushing,RushAtt,6
1975,Earl Bumbrey,bumbreyearl,Rushing,RushYds,43
1975,Earl Bumbrey,bumbreyearl,Rushing,RushTD,0
1975,George Estes,estesgeorge,Receiving,Receptions,5
1975,George Estes,estesgeorge,Receiving,RecYards,42
1975,George Estes,estesgeorge,Receiving,RecTD,0
1975,George Estes,estesgeorge,Rushing,RushAtt,27
1975,George Estes,estesgeorge,Rushing,RushYds,151
1975,George Estes,estesgeorge,Rushing,RushTD,1
1975,Brad Froman,fromanbrad,Kicking,Extra Points Made,7
1975,Brad Froman,fromanbrad,Kicking,Extra Points Made,1
1975,Brad Froman,fromanbrad,Passing,Attempts,80
1975,Brad Froman,fromanbrad,Passing,Completions,37
1975,Brad Froman,fromanbrad,Passing,Interceptions,5
1975,Brad Froman,fromanbrad,Passing,PassYards,573
1975,Brad Froman,fromanbrad,Passing,PassTD,2
1975,Brad Froman,fromanbrad,Rushing,RushAtt,124
1975,Brad Froman,fromanbrad,Rushing,RushYds,546
1975,Brad Froman,fromanbrad,Rushing,RushTD,2
1975,Mike Gregory,gregorymike,Receiving,Receptions,2
1975,Mike Gregory,gregorymike,Receiving,RecYards,14
1975,Mike Gregory,gregorymike,Receiving,RecTD,0
1975,Steve Harding,hardingsteve,Passing,Attempts,4
1975,Steve Harding,hardingsteve,Passing,Completions,1
1975,Steve Harding,hardingsteve,Passing,Interceptions,0
1975,Steve Harding,hardingsteve,Passing,PassYards,14
1975,Steve Harding,hardingsteve,Passing,PassTD,0
1975,Steve Harding,hardingsteve,Rushing,RushAtt,9
1975,Steve Harding,hardingsteve,Rushing,RushYds,43
1975,Steve Harding,hardingsteve,Rushing,RushTD,0
1975,Danny Hopkins,hopkinsdanny,Receiving,Receptions,2
1975,Danny Hopkins,hopkinsdanny,Receiving,RecYards,21
1975,Danny Hopkins,hopkinsdanny,Receiving,RecTD,0
1975,Danny Hopkins,hopkinsdanny,Rushing,RushAtt,13
1975,Danny Hopkins,hopkinsdanny,Rushing,RushYds,50
1975,Danny Hopkins,hopkinsdanny,Rushing,RushTD,0
1975,Ralph Johnson,johnsonralph,Receiving,Receptions,7
1975,Ralph Johnson,johnsonralph,Receiving,RecYards,108
1975,Ralph Johnson,johnsonralph,Receiving,RecTD,1
1975,Ralph King,kingralph,Receiving,Receptions,6
1975,Ralph King,kingralph,Receiving,RecYards,141
1975,Ralph King,kingralph,Receiving,RecTD,1
1975,Robbie Pitts,pittsrobbie,Receiving,Receptions,1
1975,Robbie Pitts,pittsrobbie,Receiving,RecYards,9
1975,Robbie Pitts,pittsrobbie,Receiving,RecTD,0
1975,Robbie Pitts,pittsrobbie,Rushing,RushAtt,9
1975,Robbie Pitts,pittsrobbie,Rushing,RushYds,29
1975,Robbie Pitts,pittsrobbie,Rushing,RushTD,2
1975,Rick Sullivan,sullivanrick,Receiving,Receptions,3
1975,Rick Sullivan,sullivanrick,Receiving,RecYards,58
1975,Rick Sullivan,sullivanrick,Receiving,RecTD,0
1975,Rick Sullivan,sullivanrick,Rushing,RushAtt,91
1975,Rick Sullivan,sullivanrick,Rushing,RushYds,478
1975,Rick Sullivan,sullivanrick,Rushing,RushTD,2
1974,Keith Buckner,bucknerkeith,Rushing,RushAtt,75
1974,Keith Buckner,bucknerkeith,Rushing,RushYds,510
1974,Earl Bumbrey,bumbreyearl,Rushing,RushAtt,9
1974,Earl Bumbrey,bumbreyearl,Rushing,RushYds,55
1974,Brad Froman,fromanbrad,Passing,Attempts,39
1974,Brad Froman,fromanbrad,Passing,Completions,21
1974,Brad Froman,fromanbrad,Passing,Interceptions,2
1974,Brad Froman,fromanbrad,Passing,PassYards,334
1974,Brad Froman,fromanbrad,Passing,PassTD,2
1973,Eddie Chapman,chapmaneddie,Kicking,Extra Points Made,28
1973,Eddie Chapman,chapmaneddie,Kicking,Field Goals Made,1
1973,Eddie Chapman,chapmaneddie,Kicking,Points Scored,31
1973,Jeff Lowery,loweryjeff,Receiving,Receptions,2
1973,Jeff Lowery,loweryjeff,Receiving,RecYards,20
1973,Jeff Lowery,loweryjeff,Receiving,RecTD,1
1973,Jeff Lowery,loweryjeff,Rushing,RushAtt,98
1973,Jeff Lowery,loweryjeff,Rushing,RushYds,615
1973,Jeff Lowery,loweryjeff,Rushing,RushTD,9
1973,Norman Sullivan,sullivannorman2,Receiving,Receptions,1
1973,Norman Sullivan,sullivannorman2,Receiving,RecYards,12
1973,Norman Sullivan,sullivannorman2,Rushing,RushAtt,109
1973,Norman Sullivan,sullivannorman2,Rushing,RushYds,550
1973,Norman Sullivan,sullivannorman2,Rushing,RushTD,8
1973,Johnny Vines,vinesjohnny,Receiving,Receptions,4
1973,Johnny Vines,vinesjohnny,Receiving,RecYards,27
1973,Johnny Vines,vinesjohnny,Rushing,RushAtt,113
1973,Johnny Vines,vinesjohnny,Rushing,RushYds,728
1973,Johnny Vines,vinesjohnny,Rushing,RushTD,4
1969,Don Cumberland,cumberlanddon,Receiving,Receptions,7
1969,Don Cumberland,cumberlanddon,Receiving,RecYards,146
1969,Don Cumberland,cumberlanddon,Receiving,RecTD,3
1969,Don Cumberland,cumberlanddon,Rushing,RushAtt,173
1969,Don Cumberland,cumberlanddon,Rushing,RushYds,830
1969,Don Cumberland,cumberlanddon,Rushing,RushTD,3
1969,Mike Michael,michaelmike,Passing,Attempts,67
1969,Mike Michael,michaelmike,Passing,Completions,22
1969,Mike Michael,michaelmike,Passing,Interceptions,15
1969,Mike Michael,michaelmike,Passing,PassYards,439
1969,Mike Michael,michaelmike,Passing,PassTD,7
1969,Mike Michael,michaelmike,Rushing,RushAtt,55
1969,Mike Michael,michaelmike,Rushing,RushYds,29
1969,Mike Michael,michaelmike,Rushing,RushTD,1
1968,Butch Beverly,beverlybutch,Rushing,RushAtt,181
1968,Butch Beverly,beverlybutch,Rushing,RushYds,834
1968,Butch Beverly,beverlybutch,Rushing,RushTD,11
1967,Butch Beverly,beverlybutch,Rushing,RushAtt,118
1967,Butch Beverly,beverlybutch,Rushing,RushYds,518
1967,Butch Beverly,beverlybutch,Rushing,RushTD,4
1966,Horace Green,greenhorace,Receiving,Receptions,12
1966,Horace Green,greenhorace,Receiving,RecYards,230
1966,Horace Green,greenhorace,Receiving,RecTD,3
1966,Horace Green,greenhorace,Rushing,RushAtt,114
1966,Horace Green,greenhorace,Rushing,RushYds,800
1966,Horace Green,greenhorace,Rushing,RushTD,13
1966,Earl Grigsby,grigsbyearl,Passing,Completions,3
1966,Earl Grigsby,grigsbyearl,Passing,PassYards,147
1966,Earl Grigsby,grigsbyearl,Receiving,Receptions,3
1966,Earl Grigsby,grigsbyearl,Receiving,RecYards,3
1966,Earl Grigsby,grigsbyearl,Rushing,RushAtt,107
1966,Earl Grigsby,grigsbyearl,Rushing,RushYds,737
1965,Horace Green,greenhorace,Receiving,Receptions,13
1965,Horace Green,greenhorace,Receiving,RecYards,255
1965,Horace Green,greenhorace,Receiving,RecTD,4
1965,Horace Green,greenhorace,Rushing,RushAtt,150
1965,Horace Green,greenhorace,Rushing,RushYds,1187
1965,Horace Green,greenhorace,Rushing,RushTD,17
1960,Larry Conyers,conyerslarry,Receiving,RecTD,6
1960,Durward Matherly,matherlydurward,Passing,PassTD,10
1960,Ed Resio,resioed,Kicking,Extra Points Made,10
1960,Ed Resio,resioed,Rushing,RushAtt,178
1960,Ed Resio,resioed,Rushing,RushYds,1217
1960,Ed Resio,resioed,Rushing,RushTD,13
1956,Harold Boutchyard,boutchyardharold,Rushing,RushAtt,43
1956,Harold Boutchyard,boutchyardharold,Rushing,RushYds,174
1956,George Cooper,coopergeorge,Receiving,Receptions,6
1956,George Cooper,coopergeorge,Receiving,RecYards,76
1956,Bruce Dobson,dobsonbruce,Rushing,RushAtt,62
1956,Bruce Dobson,dobsonbruce,Rushing,RushYds,366
1956,Darwin Fulford,fulforddarwin,Receiving,Receptions,5
1956,Darwin Fulford,fulforddarwin,Receiving,RecYards,132
1956,Lynwood Groves,groveslynwood,Rushing,RushAtt,58
1956,Lynwood Groves,groveslynwood,Rushing,RushYds,377
1956,Tommy Guy,guytommy,Passing,Attempts,41
1956,Tommy Guy,guytommy,Passing,Completions,16
1956,Tommy Guy,guytommy,Passing,PassYards,263
1956,Tommy Guy,guytommy,Rushing,RushAtt,45
1956,Tommy Guy,guytommy,Rushing,RushYds,182
1956,John Zitz,zitzjohn,Rushing,RushAtt,66
1956,John Zitz,zitzjohn,Rushing,RushYds,495
1953,Don Ballard,ballarddon,Rushing,RushTD,1
1953,Karl Dobson,dobsonkarl,Kicking,Extra Points Made,1
1953,Terry Layton,laytonterry,Rushing,RushTD,1
1953,James Patton,pattonjames,Kicking,Extra Points Made,3
1953,James Patton,pattonjames,Rushing,RushTD,1
1953,Billy Tex Rittner,rittnerbillytex,Rushing,RushTD,3
1953,Kenny Ray Shelton,sheltonkennyray,Rushing,RushTD,2
1953,Duffy Walker,walkerduffy,Rushing,RushTD,3
1952,Charles Abel,abelcharles,Kicking,Extra Points Made,4
1952,James Crowe,crowejames,Rushing,RushTD,2
1952,Snowden Jett,jettsnowden,Rushing,RushTD,1
1952,Terry Layton,laytonterry,Rushing,RushTD,1
1952,James Patton,pattonjames,Rushing,RushTD,2
1952,Billy Tex Rittner,rittnerbillytex,Rushing,RushTD,2
1952,John Way,wayjohn,Rushing,RushTD,1
1952,Jack Wheeler,wheelerjack,Rushing,RushTD,2
