game_id,season,date,opponent,event_type,scoring_player,scoring_player_id,passing_player,passing_player_id,yards,description
1952_11_14_ThomasDale,1952,11/14/1952,Thomas Dale,fumble_return_td,Buck Jett,jettbuck,,,30,30-yard fumble return TD
1953_09_18_Varina,1953,9/18/1953,Varina,interception_return_td,Don Ballard,ballarddon,,,35,35-yard interception return TD
1953_09_18_Varina,1953,9/18/1953,Varina,one_pt_rush,Lawrence Fulford,fulfordlawrence,,,,1-point PAT
1954_11_11_Louisa,1954,11/11/1954,Louisa,one_pt_pass,David Meade,meadedavid,James Patton,pattonjames,,1-point PAT
1955_10_13_Spotsylvania,1955,10/13/1955,Spotsylvania,one_pt_rush,Ronnie Conyers,conyersronnie,,,,1-point PAT
1955_10_22_Warrenton,1955,10/22/1955,Warrenton,one_pt_rush,Harold Berry,berryharold,,,,1-point PAT
1955_10_22_Warrenton,1955,10/22/1955,Warrenton,one_pt_rush,Larry Patton,pattonlarry,,,,1-point PAT
1955_10_22_Warrenton,1955,10/22/1955,Warrenton,one_pt_rush,Lynwood Groves,groveslynwood,,,,1-point PAT
1955_11_04_Madison,1955,11/4/1955,Madison,kick_return_td,Lynwood Groves,groveslynwood,,,85,85-yard kickoff return TD
1955_11_04_Madison,1955,11/4/1955,Madison,one_pt_rush,Tommy Stephens,stephenstommy,,,,1-point PAT
1955_11_04_Madison,1955,11/4/1955,Madison,one_pt_rush,Ronnie Conyers,conyersronnie,,,,1-point PAT
1955_11_04_Madison,1955,11/4/1955,Madison,one_pt_rush,Harold Berry,berryharold,,,,1-point PAT
1956_10_12_Spotsylvania,1956,10/12/1956,Spotsylvania,one_pt_pass,Darwin Fulford,fulforddarwin,Harold Boutchyard,boutchyardharold,,1-point PAT
1956_10_12_Spotsylvania,1956,10/12/1956,Spotsylvania,one_pt_pass,Ron Beverly,beverlyron,Harold Boutchyard,boutchyardharold,,1-point PAT
1956_10_12_Spotsylvania,1956,10/12/1956,Spotsylvania,one_pt_rush,Harold Boutchyard,boutchyardharold,,,,1-point PAT
1956_10_26_WashingtonHenry,1956,10/26/1956,Washington-Henry,one_pt_pass,Darwin Fulford,fulforddarwin,Tommy Guy,guytommy,,1-point PAT
1956_10_26_WashingtonHenry,1956,10/26/1956,Washington-Henry,one_pt_rush,Ronnie Thomas,thomasronnie,,,,1-point PAT
1956_11_09_Midlothian,1956,11/9/1956,Midlothian,blocked_punt_return_td,Ronnie Thomas,thomasronnie,,,15,15-yard blocked punt return TD
1956_11_09_Midlothian,1956,11/9/1956,Midlothian,one_pt_rush,Danny Torrice,torricedanny1,,,,1-point PAT
1956_11_20_GarField,1956,11/20/1956,Gar-Field,punt_return_td,Bruce Dobson,dobsonbruce,,,55,55-yard punt return TD
1956_11_20_GarField,1956,11/20/1956,Gar-Field,interception_return_td,John Donlon,donlonjohn,,,35,35-yard interception return TD
1956_11_20_GarField,1956,11/20/1956,Gar-Field,one_pt_pass,Darwin Fulford,fulforddarwin,Harold Boutchyard,boutchyardharold,,1-point PAT
1956_11_20_GarField,1956,11/20/1956,Gar-Field,one_pt_pass,George Cooper,coopergeorge,Harold Boutchyard,boutchyardharold,,1-point PAT
1957_09_19_Orange,1957,9/19/1957,Orange,one_pt_rush,Tommy Guy,guytommy,,,,1-point PAT
1957_09_27_JamesMonroe,1957,9/27/1957,James Monroe,one_pt_pass,Spencer Hudson,hudsonspencer,Bruce Dobson,dobsonbruce,,1-point PAT
1957_10_10_Spotsylvania,1957,10/10/1957,Spotsylvania,one_pt_rush,Robert Harper,harperrobert,,,,1-point PAT
1957_10_10_Spotsylvania,1957,10/10/1957,Spotsylvania,one_pt_pass,Spencer Hudson,hudsonspencer,Bruce Dobson,dobsonbruce,,1-point PAT
1957_10_10_Spotsylvania,1957,10/10/1957,Spotsylvania,blocked_punt_return_td,Gary Payne,paynegary,,,0,0-yard blocked punt return TD
1957_10_17_ThomasDale,1957,10/17/1957,Thomas Dale,fumble_return_td,John Donlon,donlonjohn,,,36,36-yard fumble return TD
1957_10_17_ThomasDale,1957,10/17/1957,Thomas Dale,one_pt_pass,Spencer Hudson,hudsonspencer,Bruce Dobson,dobsonbruce,,1-point PAT
1957_11_02_GarField,1957,11/2/1957,Gar-Field,fumble_return_td,John Donlon,donlonjohn,,,45,45-yard fumble return TD
1957_11_08_Midlothian,1957,11/8/1957,Midlothian,team_safety,,,,,,Thomas Garnett blocked punt through end zone
1958_11_07_Midlothian,1958,11/7/1958,Midlothian,one_pt_rush,Jimmy Habina,habinajimmy,,,,1-point PAT
1958_11_14_Madison,1958,11/14/1958,Madison,punt_return_td,Jerry Stevens,stevensjerry,,,81,81-yard punt return TD
1958_11_14_Madison,1958,11/14/1958,Madison,one_pt_pass,John Donlon,donlonjohn,Durward Matherly,matherlydurward,,1-point PAT
1959_10_09_Spotsylvania,1959,10/9/1959,Spotsylvania,punt_return_td,Henry Cropp,cropphenry,,,80,80-yard punt return TD
1959_10_09_Spotsylvania,1959,10/9/1959,Spotsylvania,punt_return_td,Vernon Grogan,groganvernon,,,77,77-yard punt return TD
1959_10_09_Spotsylvania,1959,10/9/1959,Spotsylvania,interception_return_td,Leroy Boutchyard,boutchyardleroy,,,30,30-yard interception return TD
1959_10_09_Spotsylvania,1959,10/9/1959,Spotsylvania,one_pt_rush,Tommy Carneal,carnealtommy,,,,1-point PAT
1959_10_09_Spotsylvania,1959,10/9/1959,Spotsylvania,one_pt_rush,Carlyle Fines,finescarlyle,,,,1-point PAT
1959_11_13_KingGeorge,1959,11/13/1959,King George,one_pt_rush,Ed Resio,resioed,,,,1-point PAT
1960_09_16_GeorgeMason,1960,9/16/1960,George Mason,one_pt_rush,Dave Holsinger,holsingerdave,,,,1-point PAT
1960_09_16_GeorgeMason,1960,9/16/1960,George Mason,one_pt_rush,Ed Resio,resioed,,,,1-point PAT
1960_09_16_GeorgeMason,1960,9/16/1960,George Mason,one_pt_rush,Don Dixon,dixondon,,,,1-point PAT
1960_10_07_JamesMonroe,1960,10/7/1960,James Monroe,one_pt_rush,Ed Resio,resioed,,,,1-point PAT
1960_10_13_Spotsylvania,1960,10/13/1960,Spotsylvania,one_pt_rush,Ed Resio,resioed,,,,1-point PAT
1960_10_13_Spotsylvania,1960,10/13/1960,Spotsylvania,one_pt_rush,Durward Matherly,matherlydurward,,,,1-point PAT
1960_10_28_Orange,1960,10/28/1960,Orange,one_pt_rush,Ed Resio,resioed,,,,1-point PAT
1960_11_04_Culpeper,1960,11/4/1960,Culpeper,one_pt_rush,Ed Resio,resioed,,,,1-point PAT
1960_11_12_Albemarle,1960,11/12/1960,Albemarle,one_pt_rush,Ed Resio,resioed,,,,1-point PAT
1960_11_12_Albemarle,1960,11/12/1960,Albemarle,one_pt_rush,Ed Resio,resioed,,,,1-point PAT
1960_11_12_Albemarle,1960,11/12/1960,Albemarle,one_pt_rush,Ed Resio,resioed,,,,1-point PAT
1960_11_18_Warren,1960,11/18/1960,Warren,one_pt_rush,Ed Resio,resioed,,,,1-point PAT
1960_11_18_Warren,1960,11/18/1960,Warren,one_pt_rush,Ed Resio,resioed,,,,1-point PAT
1960_11_18_Warren,1960,11/18/1960,Warren,one_pt_rush,Mitchell Cropp,croppmitchell,,,,1-point PAT
1961_10_13_Spotsylvania,1961,10/13/1961,Spotsylvania,one_pt_rush,Jim Scott,scottjim,,,,1-point PAT
1961_10_27_Orange,1961,10/27/1961,Orange,one_pt_rush,Keith Roberson,robersonkeith,,,,1-point PAT
1961_11_03_Culpeper,1961,11/3/1961,Culpeper,one_pt_rush,Keith Roberson,robersonkeith,,,,1-point PAT
1962_09_07_Marshall,1962,9/7/1962,Marshall,one_pt_rush,Dave Holsinger,holsingerdave,,,,1-point PAT
1962_09_07_Marshall,1962,9/7/1962,Marshall,one_pt_rush,Chip Long,longchip,,,,1-point PAT
1962_09_07_Marshall,1962,9/7/1962,Marshall,one_pt_rush,Chip Long,longchip,,,,1-point PAT
1962_09_07_Marshall,1962,9/7/1962,Marshall,interception_return_td,Earnest Grigsby,grigsbyearnest,,,45,45-yard interception return TD
1962_09_28_GarField,1962,9/28/1962,Gar-Field,one_pt_rush,Dave Holsinger,holsingerdave,,,,1-point PAT
1962_10_11_Spotsylvania,1962,10/11/1962,Spotsylvania,one_pt_rush,Dave Holsinger,holsingerdave,,,,1-point PAT
1962_10_20_JRTucker,1962,10/20/1962,J.R. Tucker,one_pt_rush,Dave Holsinger,holsingerdave,,,,1-point PAT
1962_10_20_JRTucker,1962,10/20/1962,J.R. Tucker,one_pt_rush,Dave Holsinger,holsingerdave,,,,1-point PAT
1962_10_20_JRTucker,1962,10/20/1962,J.R. Tucker,blocked_punt_return_td,Jack Evans,evansjack,,,22,22-yard blocked punt return TD
1962_10_20_JRTucker,1962,10/20/1962,J.R. Tucker,one_pt_rush,Clayton Spindle,spindleclayton,,,,1-point PAT
1962_11_02_Culpeper,1962,11/2/1962,Culpeper,one_pt_rush,Dave Holsinger,holsingerdave,,,,1-point PAT
1962_11_02_Culpeper,1962,11/2/1962,Culpeper,one_pt_rush,Dave Holsinger,holsingerdave,,,,1-point PAT
1962_11_02_Culpeper,1962,11/2/1962,Culpeper,one_pt_rush,Dave Holsinger,holsingerdave,,,,1-point PAT
1962_11_02_Culpeper,1962,11/2/1962,Culpeper,one_pt_rush,Keith Roberson,robersonkeith,,,,1-point PAT
1963_09_13_Quantico,1963,9/13/1963,Quantico,one_pt_rush,Horace Green,greenhorace,,,,1-point PAT
1963_10_04_JamesMonroe,1963,10/4/1963,James Monroe,one_pt_rush,Chip Long,longchip,,,,1-point PAT
1963_10_10_Spotsylvania,1963,10/10/1963,Spotsylvania,one_pt_pass,Don Resio,resiodon,Don Lambert,lambertdon,,1-point PAT
1963_10_10_Spotsylvania,1963,10/10/1963,Spotsylvania,one_pt_rush,Jim Scott,scottjim,,,,1-point PAT
1963_10_10_Spotsylvania,1963,10/10/1963,Spotsylvania,one_pt_pass,Horace Green,greenhorace,Don Lambert,lambertdon,,1-point PAT
1963_11_02_LaPlata-Maryland,1963,11/2/1963,La Plata-Maryland,one_pt_rush,Jim Scott,scottjim,,,,1-point PAT
1963_11_08_LeeDavis,1963,11/8/1963,Lee-Davis,one_pt_rush,Jim Scott,scottjim,,,,1-point PAT
1964_09_04_Herndon,1964,9/4/1964,Herndon,one_pt_pass,Bob Blaisdell,blaisdellbob,Don Lambert,lambertdon,,1-point PAT
1964_09_11_Quantico,1964,9/11/1964,Quantico,one_pt_rush,Milton Marks,marksmilton,,,,1-point PAT
1964_09_18_LeeDavis,1964,9/18/1964,Lee-Davis,one_pt_rush,Ricky Blackburn,blackburnricky,,,,1-point PAT
1964_09_25_GarField,1964,9/25/1964,Gar-Field,one_pt_rush,Horace Green,greenhorace,,,,1-point PAT
1964_10_02_JamesMonroe,1964,10/2/1964,James Monroe,one_pt_rush,Ricky Blackburn,blackburnricky,,,,1-point PAT
1965_09_10_PatrickHenry-Ashland,1965,9/10/1965,Patrick Henry-Ashland,one_pt_rush,Earl Grigsby,grigsbyearl,,,,1-point PAT
1965_09_17_LeeDavis,1965,9/17/1965,Lee-Davis,one_pt_rush,Earl Grigsby,grigsbyearl,,,,1-point PAT
1965_09_24_GarField,1965,9/24/1965,Gar-Field,one_pt_rush,Wayne McAlister,mcalisterwayne,,,,1-point PAT
1965_09_24_GarField,1965,9/24/1965,Gar-Field,one_pt_pass,Wayne McAlister,mcalisterwayne,Bobby Blackburn,blackburnbobby,,1-point PAT
1965_09_24_GarField,1965,9/24/1965,Gar-Field,one_pt_pass,Bob Blaisdell,blaisdellbob,Bobby Blackburn,blackburnbobby,,1-point PAT
1965_10_01_JamesMonroe,1965,10/1/1965,James Monroe,one_pt_rush,Earl Grigsby,grigsbyearl,,,,1-point PAT
1965_10_01_JamesMonroe,1965,10/1/1965,James Monroe,one_pt_rush,Earl Grigsby,grigsbyearl,,,,1-point PAT
1965_10_01_JamesMonroe,1965,10/1/1965,James Monroe,one_pt_rush,Earl Grigsby,grigsbyearl,,,,1-point PAT
1965_10_08_Spotsylvania,1965,10/8/1965,Spotsylvania,one_pt_rush,Horace Green,greenhorace,,,,1-point PAT
1965_10_08_Spotsylvania,1965,10/8/1965,Spotsylvania,one_pt_rush,Horace Green,greenhorace,,,,1-point PAT
1965_10_08_Spotsylvania,1965,10/8/1965,Spotsylvania,one_pt_rush,Earl Grigsby,grigsbyearl,,,,1-point PAT
1965_11_05_Brentsville,1965,11/5/1965,Brentsville,one_pt_rush,Horace Green,greenhorace,,,,1-point PAT
1966_10_21_Orange,1966,10/21/1966,Orange,kick_return_td,Horace Green,greenhorace,,,67,67-yard kickoff return TD
1966_10_28_Culpeper,1966,10/28/1966,Culpeper,fumble_return_td,Horace Green,greenhorace,,,0,0-yard fumble return TD
1966_11_04_Brentsville,1966,11/4/1966,Brentsville,punt_return_td,Horace Green,greenhorace,,,80,80-yard punt return TD
1966_11_04_Brentsville,1966,11/4/1966,Brentsville,one_pt_rush,Horace Green,greenhorace,,,,1-point PAT
1967_09_08_StonewallJackson-Manassas,1967,9/8/1967,Stonewall Jackson-Manassas,interception_return_td,Frank Robinson,robinsonfrank,,,50,50-yard interception return TD
1967_09_15_Woodbridge,1967,9/15/1967,Woodbridge,kick_return_td,Jerry Thompson,thompsonjerry,,,86,86-yard kickoff return TD
1967_11_03_Brentsville,1967,11/3/1967,Brentsville,one_pt_rush,Dan Northern,northerndan,,,,1-point PAT
1968_09_06_Woodbridge,1968,9/6/1968,Woodbridge,one_pt_rush,Dan Northern,northerndan,,,,1-point PAT
1968_09_06_Woodbridge,1968,9/6/1968,Woodbridge,interception_return_td,NuNu Beverly,beverlynunu,,,42,42-yard interception return TD
1968_11_15_Varina,1968,11/15/1968,Varina,interception_return_td,Butch Beverly,beverlybutch,,,33,33-yard interception return TD
1969_09_05_Varina,1969,9/5/1969,Varina,two_pt_rush,Kerry McBroom,mcbroomkerry,,,,2-point PAT
1969_09_05_Varina,1969,9/5/1969,Varina,two_pt_rush,NuNu Beverly,beverlynunu,,,,2-point PAT
1969_09_12_StonewallJackson-Manassas,1969,9/12/1969,Stonewall Jackson-Manassas,two_pt_pass,Freddie Whittaker,whittakerfreddie,Mike Michael,michaelmike,,2-point PAT
1969_09_12_StonewallJackson-Manassas,1969,9/12/1969,Stonewall Jackson-Manassas,two_pt_rush,Mike Michael,michaelmike,,,,2-point PAT
1969_09_12_StonewallJackson-Manassas,1969,9/12/1969,Stonewall Jackson-Manassas,two_pt_pass,Mike Cumberland,cumberlandmike,Mike Michael,michaelmike,,2-point PAT
1969_09_20_Handley,1969,9/20/1969,Handley,two_pt_pass,Don Cumberland,cumberlanddon,Mike Michael,michaelmike,,2-point PAT
1969_09_20_Handley,1969,9/20/1969,Handley,interception_return_td,NuNu Beverly,beverlynunu,,,31,31-yard interception return TD
1969_09_20_Handley,1969,9/20/1969,Handley,two_pt_rush,Mike Michael,michaelmike,,,,2-point PAT
1969_09_26_GarField,1969,9/26/1969,Gar-Field,two_pt_rush,Don Cumberland,cumberlanddon,,,,2-point PAT
1969_10_10_Spotsylvania,1969,10/10/1969,Spotsylvania,interception_return_td,Sheldon Cropp,croppsheldon,,,26,26-yard interception return TD
1969_10_10_Spotsylvania,1969,10/10/1969,Spotsylvania,two_pt_pass,Mike Cumberland,cumberlandmike,Mike Michael,michaelmike,,2-point PAT
1969_10_10_Spotsylvania,1969,10/10/1969,Spotsylvania,fumble_return_td,Mike Cumberland,cumberlandmike,,,0,0-yard fumble return TD
1969_10_10_Spotsylvania,1969,10/10/1969,Spotsylvania,two_pt_pass,Freddie Whittaker,whittakerfreddie,Mike Michael,michaelmike,,2-point PAT
1969_10_10_Spotsylvania,1969,10/10/1969,Spotsylvania,two_pt_pass,Freddie Whittaker,whittakerfreddie,Mike Michael,michaelmike,,2-point PAT
1969_10_31_Culpeper,1969,10/31/1969,Culpeper,two_pt_rush,Mike Michael,michaelmike,,,,2-point PAT
1969_11_07_Woodbridge,1969,11/7/1969,Woodbridge,two_pt_rush,Don Cumberland,cumberlanddon,,,,2-point PAT
1970_11_14_Albemarle,1970,11/14/1970,Albemarle,team_safety,,,,,,
1971_10_08_Spotsylvania,1971,10/8/1971,Spotsylvania,two_pt_rush,Clyde Brown,brownclyde,,,,2-point PAT
1971_10_15_Osbourn,1971,10/15/1971,Osbourn,two_pt_rush,Chester Branham,branhamchester,,,,2-point PAT
1971_11_05_JamesMonroe,1971,11/5/1971,James Monroe,two_pt_rush,Clyde Brown,brownclyde,,,,2-point PAT
1972_10_09_Albemarle,1972,10/9/1972,Albemarle,fumble_return_td,Chester Branham,branhamchester,,,55,55-yard fumble return TD
1972_10_27_GarField,1972,10/27/1972,Gar-Field,fumble_return_td,Don Rawlings,rawlingsdon,,,15,15-yard fumble return TD
1972_11_03_Lane,1972,11/3/1972,Lane,fumble_return_td,Clyde Brown,brownclyde,,,48,48-yard fumble return TD
1973_09_07_Handley,1973,9/7/1973,Handley,interception_return_td,Robbie Jones,jonesrobbie,,,48,48-yard interception return TD
1973_09_15_Lane,1973,9/15/1973,Lane,kick_return_td,Clyde Brown,brownclyde,,,83,83-yard kickoff return TD
1973_10_26_Osbourn,1973,10/26/1973,Osbourn,interception_return_td,Ranny Roberson,robersonranny,,,28,28-yard interception return TD
1974_09_13_StonewallJackson-Manassas,1974,9/13/1974,Stonewall Jackson-Manassas,two_pt_rush,Johnny Vines,vinesjohnny,,,,2-point PAT
1974_09_13_StonewallJackson-Manassas,1974,9/13/1974,Stonewall Jackson-Manassas,two_pt_rush,Eddie Chapman,chapmaneddie,,,,2-point PAT
1974_10_11_JamesWood,1974,10/11/1974,James Wood,two_pt_rush,Jeff Wholey,wholeyjeff,,,,2-point PAT
1974_10_11_JamesWood,1974,10/11/1974,James Wood,kick_return_td,Johnny Vines,vinesjohnny,,,87,87-yard kickoff return TD
1974_10_25_Charlottesville,1974,10/25/1974,Charlottesville,two_pt_rush,Rick Sullivan,sullivanrick,,,,2-point PAT
1974_11_01_Osbourn,1974,11/1/1974,Osbourn,two_pt_rush,Keith Buckner,bucknerkeith,,,,2-point PAT
1974_11_01_Osbourn,1974,11/1/1974,Osbourn,two_pt_rush,Johnny Vines,vinesjohnny,,,,2-point PAT
1974_11_01_Osbourn,1974,11/1/1974,Osbourn,two_pt_rush,Rick Sullivan,sullivanrick,,,,2-point PAT
1974_11_08_JamesMonroe,1974,11/8/1974,James Monroe,team_safety,,,,,,
1974_11_08_JamesMonroe,1974,11/8/1974,James Monroe,two_pt_rush,Keith Buckner,bucknerkeith,,,,2-point PAT
1974_11_15_Spotsylvania,1974,11/15/1974,Spotsylvania,two_pt_rush,Jeff Lowery,loweryjeff,,,,2-point PAT
1975_09_12_StonewallJackson-Manassas,1975,9/12/1975,Stonewall Jackson-Manassas,two_pt_rush,Brad Froman,fromanbrad,,,,2-point PAT
1976_10_29_OsbournPark,1976,10/29/1976,Osbourn Park,two_pt_pass,Danny Hopkins,hopkinsdanny,Steve Harding,hardingsteve,,2-point PAT
1976_10_29_OsbournPark,1976,10/29/1976,Osbourn Park,two_pt_rush,Steve Harding,hardingsteve,,,,2-point PAT
1977_09_09_Albemarle,1977,9/9/1977,Albemarle,punt_return_td,Jerome Davis,davisjerome,,,85,85-yard punt return TD
1977_10_07_JamesWood,1977,10/7/1977,James Wood,two_pt_rush,Donald Johnson,johnsondonald,,,,2-point PAT
1977_10_15_Woodbridge,1977,10/15/1977,Woodbridge,two_pt_rush,Glenn Lovitt,lovittglenn,,,,2-point PAT
1977_10_21_DeMatha-Maryland,1977,10/21/1977,DeMatha-Maryland,two_pt_rush,George Estes,estesgeorge,,,,2-point PAT
1977_10_21_DeMatha-Maryland,1977,10/21/1977,DeMatha-Maryland,interception_return_td,Jerome Davis,davisjerome,,,99,99-yard interception return TD
1977_11_04_JamesMonroe,1977,11/4/1977,James Monroe,two_pt_rush,Calhoun Berryman,berrymancalhoun,,,,2-point PAT
1977_11_04_JamesMonroe,1977,11/4/1977,James Monroe,fumble_return_td,Rick Sullivan,sullivanrick,,,53,53-yard fumble return TD
1977_11_04_JamesMonroe,1977,11/4/1977,James Monroe,two_pt_pass,Mark Hines,hinesmark,Glenn Ryhanych,ryhanychglenn,,2-point PAT
1978_09_08_OurLadyofGoodCounsel-Maryland,1978,9/8/1978,Our Lady of Good Counsel-Maryland,two_pt_pass,Skeeter Jackson,jacksonskeeter,Joe Terembes,terembesjoe,,2-point PAT
1978_09_15_Fauquier,1978,9/15/1978,Fauquier,fumble_return_td,Troy Sullivan,sullivantroy,,,80,80-yard fumble return TD
1978_09_22_GarField,1978,9/22/1978,Gar-Field,blocked_punt_return_td,Jim Rice,ricejim,,,0,0-yard blocked punt return TD
1979_09_07_JamesMonroe,1979,9/7/1979,James Monroe,two_pt_rush,Donald Johnson,johnsondonald,,,,2-point PAT
1979_10_19_Woodbridge,1979,10/19/1979,Woodbridge,two_pt_pass,Donald Johnson,johnsondonald,Jimmy Shaffer,shafferjimmy,,2-point PAT
1980_09_12_Groveton,1980,9/12/1980,Groveton,interception_return_td,Ricky Lowman,lowmanricky,,,48,48-yard interception return TD
1980_09_26_GarField,1980,9/26/1980,Gar-Field,two_pt_rush,Leroy King,kingleroy,,,,2-point PAT
1980_10_04_BishopIreton,1980,10/4/1980,Bishop Ireton,punt_return_td,Dennis Jackson,jacksondennis,,,60,60-yard punt return TD
1980_10_10_JamesWood,1980,10/10/1980,James Wood,two_pt_pass,Richie Alstaetter,alstaetterrichie,Eddie Haynes,,,2-point PAT
1980_10_17_Woodbridge,1980,10/17/1980,Woodbridge,two_pt_rush,Ralph Faulconer,faulconerralph,,,,2-point PAT
1981_09_11_Groveton,1981,9/11/1981,Groveton,interception_return_td,Phil Rice,ricephil,,,19,19-yard interception return TD
1981_09_11_Groveton,1981,9/11/1981,Groveton,team_safety,,,,,,
1981_09_25_GarField,1981,9/25/1981,Gar-Field,fumble_return_td,Ken Villani,villaniken,,,46,46-yard fumble return TD
1981_10_09_JamesWood,1981,10/9/1981,James Wood,interception_return_td,Ricky Lowman,lowmanricky,,,36,36-yard interception return TD
1982_10_22_Fauquier,1982,10/22/1982,Fauquier,two_pt_pass,Harvey Wilson,wilsonharvey,Lamond Roye,royelamond,,2-point PAT
1982_10_29_StonewallJackson-Manassas,1982,10/29/1982,Stonewall Jackson-Manassas,two_pt_pass,Harvey Wilson,wilsonharvey,Scott Starnes,starnesscott,,2-point PAT
1983_09_16_Courtland,1983,9/16/1983,Courtland,two_pt_rush,Darryl Smith,smithdarryl,,,,2-point PAT
1984_09_14_Woodbridge,1984,9/14/1984,Woodbridge,two_pt_rush,Darryl Smith,smithdarryl,,,,2-point PAT
1984_09_28_OsbournPark,1984,9/28/1984,Osbourn Park,two_pt_rush,Darryl Smith,smithdarryl,,,,2-point PAT
1984_10_12_JamesWood,1984,10/12/1984,James Wood,fumble_return_td,Eric Killinger,killingereric,,,79,79-yard fumble return TD
1984_11_09_NorthStafford,1984,11/9/1984,North Stafford,two_pt_pass,Kevin Allard,allardkevin1,Phil Jones,jonesphil,,2-point PAT
1985_08_30_Spotsylvania,1985,8/30/1985,Spotsylvania,blocked_field_goal_return_td,Kevin Watson,watsonkevin,,,89,89-yard blocked field goal return TD
1985_09_06_JamesMonroe,1985,9/6/1985,James Monroe,blocked_punt_return_td,Tony Brown,browntony,,,10,10-yard blocked punt return TD
1985_09_30_OsbournPark,1985,9/30/1985,Osbourn Park,kick_return_td,Monte George,georgemonte,,,85,85-yard kickoff return TD
1985_09_30_OsbournPark,1985,9/30/1985,Osbourn Park,two_pt_pass,Scott Caple,caplescott,Phil Jones,jonesphil,,2-point PAT
1985_10_11_JamesWood,1985,10/11/1985,James Wood,two_pt_rush,Troy Spindle,spindletroy,,,,2-point PAT
1985_10_18_Fauquier,1985,10/18/1985,Fauquier,two_pt_rush,Greg Spruill,spruillgreg,,,,2-point PAT
1985_11_08_NorthStafford,1985,11/8/1985,North Stafford,two_pt_pass,Perry Kapataidakis,kapataidakisperry,Phil Jones,jonesphil,,2-point PAT
1986_09_12_Woodbridge,1986,9/12/1986,Woodbridge,punt_return_td,Greg Spruill,spruillgreg,,,77,77-yard punt return TD
1986_09_26_OsbournPark,1986,9/26/1986,Osbourn Park,blocked_punt_return_td,Ricky Abel,abelricky,,,32,32-yard blocked punt return TD
1986_10_10_JamesWood,1986,10/10/1986,James Wood,kick_return_td,Monte George,georgemonte,,,85,85-yard kickoff return TD
1986_10_10_JamesWood,1986,10/10/1986,James Wood,two_pt_pass,Trent Douglas,douglastrent,Steve Jones,jonessteve,,2-point PAT
1986_10_24_StonewallJackson-Manassas,1986,10/24/1986,Stonewall Jackson-Manassas,two_pt_rush,Monte George,georgemonte,,,,2-point PAT
1986_11_07_NorthStafford,1986,11/7/1986,North Stafford,team_safety,,,,,,
1987_10_02_Courtland,1987,10/2/1987,Courtland,two_pt_pass,Chris Holmes,holmeschris,Mark Walker,walkermark,,2-point PAT
1987_11_06_NorthStafford,1987,11/6/1987,North Stafford,two_pt_pass,Quintin Sullivan,sullivanquintin,Mark Walker,walkermark,,2-point PAT
1988_09_02_JamesMonroe,1988,9/2/1988,James Monroe,interception_return_td,Joe Williams,williamsjoe,,,15,15-yard interception return TD
1988_09_16_Woodbridge,1988,9/16/1988,Woodbridge,interception_return_td,Alan Elliot,elliotalan,,,25,25-yard interception return TD
1989_09_08_Spotsylvania,1989,9/8/1989,Spotsylvania,two_pt_rush,Mark Smith,smithmark,,,,2-point PAT
1989_09_29_OsbournPark,1989,9/29/1989,Osbourn Park,two_pt_rush,Art Crouch,crouchart,,,,2-point PAT
1989_10_13_JamesWood,1989,10/13/1989,James Wood,kick_return_td,Mark Smith,smithmark,,,90,90-yard kickoff return TD
1989_10_13_JamesWood,1989,10/13/1989,James Wood,two_pt_rush,Mark Smith,smithmark,,,,2-point PAT
1990_09_29_Chantilly,1990,9/29/1990,Chantilly,blocked_punt_return_td,David Tignor,tignordavid,,,40,40-yard blocked punt return TD
1990_11_02_OsbournPark,1990,11/2/1990,Osbourn Park,two_pt_rush,Todd Whitehead,whiteheadtodd,,,,2-point PAT
1992_10_30_Woodbridge,1992,10/30/1992,Woodbridge,two_pt_rush,Corey Roy,roycorey,,,,2-point PAT
1992_10_30_Woodbridge,1992,10/30/1992,Woodbridge,two_pt_rush,Corey Roy,roycorey,,,,2-point PAT
1993_09_10_JamesMonroe,1993,9/10/1993,James Monroe,two_pt_rush,Jeremiah Dauch,dauchjeremiah,,,,2-point PAT
1993_10_15_Chancellor,1993,10/15/1993,Chancellor,two_pt_rush,Greg Anglin,anglingreg,,,,2-point PAT
1994_09_02_ThomasEdison,1994,9/2/1994,Thomas Edison,two_pt_rush,Eric Schneider,schneidereric,,,,2-point PAT
1994_09_02_ThomasEdison,1994,9/2/1994,Thomas Edison,two_pt_rush,Eric Schneider,schneidereric,,,,2-point PAT
1994_09_09_JamesMonroe,1994,9/9/1994,James Monroe,two_pt_rush,Chris Watts,wattschris,,,,2-point PAT
1994_10_06_StonewallJackson-Manassas,1994,10/6/1994,Stonewall Jackson-Manassas,kick_return_td,Troy Farrar,farrartroy,,,99,99-yard kickoff return TD
1994_10_14_MountVernon,1994,10/14/1994,Mount Vernon,fumble_return_td,Erick Kingston,kingstonerick,,,38,38-yard fumble return TD
1994_10_14_MountVernon,1994,10/14/1994,Mount Vernon,two_pt_rush,Chris Watts,wattschris,,,,2-point PAT
1994_10_21_Potomac,1994,10/21/1994,Potomac,two_pt_rush,Troy Farrar,farrartroy,,,,2-point PAT
1994_11_18_ECGlass,1994,11/18/1994,E.C. Glass,two_pt_rush,Chris Watts,wattschris,,,,2-point PAT
1995_09_01_ThomasEdison,1995,9/1/1995,Thomas Edison,fumble_return_td,Brian McKenney,mckenneybrian,,,17,17-yard fumble return TD
1995_09_08_JamesMonroe,1995,9/8/1995,James Monroe,two_pt_rush,Craig Hughes,hughescraig,,,,2-point PAT
1995_10_20_Potomac,1995,10/20/1995,Potomac,two_pt_rush,Brian McKenney,mckenneybrian,,,,2-point PAT
1995_10_28_Woodbridge,1995,10/28/1995,Woodbridge,two_pt_rush,Troy Farrar,farrartroy,,,,2-point PAT
1996_10_21_Culpeper,1996,10/21/1996,Culpeper,two_pt_rush,Jay Schmitz,schmitzjay,,,,2-point PAT
1997_10_31_Courtland,1997,10/31/1997,Courtland,two_pt_rush,Jerome Hill,hilljerome,,,,2-point PAT
1998_09_04_OsbournPark,1998,9/4/1998,Osbourn Park,two_pt_rush,Josh Chamberlin,chamberlinjosh,,,,2-point PAT
1998_09_25_JamesMonroe,1998,9/25/1998,James Monroe,kick_return_td,Chris Hilleary,hillearychris,,,91,91-yard kickoff return TD
1998_10_02_KingGeorge,1998,10/2/1998,King George,fumble_return_td,Ryan Clore,cloreryan,,,0,0-yard fumble return TD
1998_10_02_KingGeorge,1998,10/2/1998,King George,two_pt_pass,Chris Hilleary,hillearychris,Josh Chamberlin,chamberlinjosh,,2-point PAT
1998_10_30_Courtland,1998,10/30/1998,Courtland,two_pt_pass,Chris Hilleary,hillearychris,Josh Chamberlin,chamberlinjosh,,2-point PAT
1999_09_09_OsbournPark,1999,9/9/1999,Osbourn Park,blocked_punt_return_td,Matt Matter,mattermatt,,,49,49-yard blocked punt return TD
1999_09_24_JamesWood,1999,9/24/1999,James Wood,punt_return_td,Dural Dawson,dawsondural,,,70,70-yard punt return TD
1999_10_01_Sherando,1999,10/1/1999,Sherando,interception_return_td,Dural Dawson,dawsondural,,,36,36-yard interception return TD
1999_10_08_Culpeper,1999,10/8/1999,Culpeper,two_pt_rush,Dural Dawson,dawsondural,,,,2-point PAT
1999_10_29_Potomac,1999,10/29/1999,Potomac,interception_return_td,Matt Matter,mattermatt,,,40,40-yard interception return TD
2000_09_05_JamesMonroe,2000,9/5/2000,James Monroe,interception_return_td,Derek King,kingderek,,,33,33-yard interception return TD
2000_10_13_BrookePoint,2000,10/13/2000,Brooke Point,fumble_return_td,Rashid McCown,mccownrashid,,,38,38-yard fumble return TD
2000_11_03_NorthStafford,2000,11/3/2000,North Stafford,interception_return_td,Adam Van Zandbergen,vanzandbergenadam,,,25,25-yard interception return TD
2001_09_28_Spotsylvania,2001,9/28/2001,Spotsylvania,kick_return_td,Thomas McClelland,mcclellandthomas,,,79,79-yard kickoff return TD
2001_09_28_Spotsylvania,2001,9/28/2001,Spotsylvania,team_safety,,,,,,
2001_11_09_NorthStafford,2001,11/9/2001,North Stafford,interception_return_td,Brad Hayes,hayesbrad,,,50,50-yard interception return TD
2002_09_06_ColonialForge,2002,9/6/2002,Colonial Forge,fumble_return_td,Thomas McClelland,mcclellandthomas,,,41,41-yard fumble return TD
2002_09_20_Chancellor,2002,9/20/2002,Chancellor,fumble_return_td,Thomas McClelland,mcclellandthomas,,,2,2-yard fumble return TD
2002_10_04_Courtland,2002,10/4/2002,Courtland,kick_return_td,Thomas McClelland,mcclellandthomas,,,90,90-yard kickoff return TD
2002_10_18_Albemarle,2002,10/18/2002,Albemarle,interception_return_td,Tim Sullivan,sullivantim,,,38,38-yard interception return TD
2002_10_18_Albemarle,2002,10/18/2002,Albemarle,two_pt_rush,Thomas McClelland,mcclellandthomas,,,,2-point PAT
2002_10_25_Culpeper,2002,10/25/2002,Culpeper,two_pt_rush,Thomas McClelland,mcclellandthomas,,,,2-point PAT
2002_11_22_HalifaxCounty,2002,11/22/2002,Halifax County,punt_return_td,Tim Sullivan,sullivantim,,,75,75-yard punt return TD
2002_12_08_Hopewell,2002,12/8/2002,Hopewell,two_pt_rush,Tim Sullivan,sullivantim,,,,2-point PAT
2003_09_05_Chancellor,2003,9/5/2003,Chancellor,team_safety,,,,,,
2003_09_26_BrookePoint,2003,9/26/2003,Brooke Point,two_pt_rush,Trey Daiger,daigertrey,,,,2-point PAT
2004_09_24_KingGeorge,2004,9/24/2004,King George,punt_return_td,Torrey Smith,smithtorrey,,,63,63-yard punt return TD
2004_10_15_Massaponax,2004,10/15/2004,Massaponax,kick_return_td,Torrey Smith,smithtorrey,,,95,95-yard kickoff return TD
2004_10_29_ColonialForge,2004,10/29/2004,Colonial Forge,kick_return_td,Torrey Smith,smithtorrey,,,82,82-yard kickoff return TD
2004_11_05_Spotsylvania,2004,11/5/2004,Spotsylvania,interception_return_td,Torrey Smith,smithtorrey,,,86,86-yard interception return TD
2005_09_09_Liberty-Bealeton,2005,9/9/2005,Liberty-Bealeton,team_safety,,,,,,
2005_11_11_NorthStafford,2005,11/11/2005,North Stafford,kick_return_td,Torrey Smith,smithtorrey,,,92,92-yard kickoff return TD
2006_09_22_Riverbend,2006,9/22/2006,Riverbend,kick_return_td,Torrey Smith,smithtorrey,,,83,83-yard kickoff return TD
2006_09_29_BrookePoint,2006,9/29/2006,Brooke Point,team_safety,,,,,,
2007_09_14_Fauquier,2007,9/14/2007,Fauquier,two_pt_rush,Stephen Lamar,lamarstephen,,,,2-point PAT
2007_10_05_MountainView,2007,10/5/2007,Mountain View,kick_return_td,Tre Harris,harristre,,,71,71-yard kickoff return TD
2007_10_05_MountainView,2007,10/5/2007,Mountain View,punt_return_td,Dexter McDougle,mcdougledexter,,,64,64-yard punt return TD
2007_11_02_Albemarle,2007,11/2/2007,Albemarle,interception_return_td,Jon Reid,reidjon,,,26,26-yard interception return TD
2007_11_02_Albemarle,2007,11/2/2007,Albemarle,two_pt_pass,Jake Johnson,johnsonjake,Stephen Lamar,lamarstephen,,2-point PAT
2008_09_19_Liberty-Bealeton,2008,9/19/2008,Liberty-Bealeton,two_pt_pass,Dexter McDougle,mcdougledexter,Christian Monsivais,monsivaischristian,,2-point PAT
2008_09_26_BrookePoint,2008,9/26/2008,Brooke Point,kick_return_td,Dexter McDougle,mcdougledexter,,,90,90-yard kickoff return TD
2008_09_26_BrookePoint,2008,9/26/2008,Brooke Point,two_pt_pass,David Brooks,brooksdavid,Christian Monsivais,monsivaischristian,,2-point PAT
2010_10_01_Massaponax,2010,10/1/2010,Massaponax,fumble_return_td,Markel Delaney,delaneymarkel,,,24,24-yard fumble return TD
2010_10_15_NorthStafford,2010,10/15/2010,North Stafford,blocked_punt_return_td,Logan Jackson,jacksonlogan,,,5,5-yard blocked punt return TD
2011_09_10_Massaponax,2011,9/10/2011,Massaponax,kick_return_td,Justin Crabbe,crabbejustin,,,90,90-yard kickoff return TD
2011_09_10_Massaponax,2011,9/10/2011,Massaponax,two_pt_rush,Donald Redding,reddingdonald,,,,2-point PAT
2011_09_16_Orange,2011,9/16/2011,Orange,interception_return_td,Patrick Holland,hollandpatrick,,,68,68-yard interception return TD
2011_09_26_ColonialForge,2011,9/26/2011,Colonial Forge,blocked_punt_return_td,Logan Lough,loughlogan,,,22,22-yard blocked punt return TD
2011_09_30_Riverbend,2011,9/30/2011,Riverbend,interception_return_td,Justin Crabbe,crabbejustin,,,100,100-yard interception return TD
2011_09_30_Riverbend,2011,9/30/2011,Riverbend,blocked_punt_return_td,Leroy Strowder,strowderleroy,,,3,3-yard blocked punt return TD
2011_10_07_Albemarle,2011,10/7/2011,Albemarle,kick_return_td,Justin Crabbe,crabbejustin,,,97,97-yard kickoff return TD
2011_10_07_Albemarle,2011,10/7/2011,Albemarle,two_pt_pass,Casey Schooler,schoolercasey,Billy Bolinsky,bolinskybilly,,2-point PAT
2011_10_21_NorthStafford,2011,10/21/2011,North Stafford,blocked_punt_return_td,Robert Beckwith,beckwithrobert,,,3,3-yard blocked punt return TD
2011_10_21_NorthStafford,2011,10/21/2011,North Stafford,two_pt_pass,Logan Jackson,jacksonlogan,Billy Bolinsky,bolinskybilly,,2-point PAT
2011_10_21_NorthStafford,2011,10/21/2011,North Stafford,kick_return_td,Justin Crabbe,crabbejustin,,,89,89-yard kickoff return TD
2012_09_28_Riverbend,2012,9/28/2012,Riverbend,team_safety,,,,,,
2014_09_05_KingGeorge,2014,9/5/2014,King George,kick_return_td,Daniel Smith,smithdaniel,,,97,97-yard kickoff return TD
2015_09_25_OsbournPark,2015,9/25/2015,Osbourn Park,interception_return_td,Minky Jenkins,jenkinsminky,,,75,75-yard interception return TD
2015_09_25_OsbournPark,2015,9/25/2015,Osbourn Park,fumble_return_td,George Yates,yatesgeorge,,,3,3-yard fumble return TD
2016_09_02_Woodbridge,2016,9/2/2016,Woodbridge,team_safety,,,,,,
2016_09_02_Woodbridge,2016,9/2/2016,Woodbridge,two_pt_rush,,,,,,2-point PAT
2016_09_09_ColonialForge,2016,9/9/2016,Colonial Forge,kick_return_td,Daniel Smith,smithdaniel,,,99,99-yard kickoff return TD
2017_08_25_JamesMonroe,2017,8/25/2017,James Monroe,kick_return_td,Eugene Richardson,richardsoneugene,,,96,96-yard kickoff return TD
2017_09_29_NorthStafford,2017,9/29/2017,North Stafford,kick_return_td,Eugene Richardson,richardsoneugene,,,98,98-yard kickoff return TD
2017_09_29_NorthStafford,2017,9/29/2017,North Stafford,two_pt_pass,,,Jalen Smith,smithjalen,,2-point PAT
2017_11_10_PatrickHenry-Roanoke,2017,11/10/2017,Patrick Henry-Roanoke,punt_return_td,Eugene Richardson,richardsoneugene,,,64,64-yard punt return TD
2017_11_25_BrookePoint,2017,11/25/2017,Brooke Point,interception_return_td,Justin Toler,tolerjustin,,,43,43-yard interception return TD
2017_11_25_BrookePoint,2017,11/25/2017,Brooke Point,interception_return_td,Landon Woodson,woodsonlandon,,,85,85-yard interception return TD
2018_08_24_JamesMonroe,2018,8/24/2018,James Monroe,interception_return_td,JR Houston,houstonjr,,,33,33-yard interception return TD
2018_08_30_Potomac,2018,8/30/2018,Potomac,two_pt_rush,Mitchell Sibenik,sibenikmitchell,,,,2-point PAT
2018_10_19_Massaponax,2018,10/19/2018,Massaponax,interception_return_td,Devin Lardge,lardgedevin,,,32,32-yard interception return TD
2019_09_13_Courtland,2019,9/13/2019,Courtland,blocked_punt_return_td,Julian Long,longjulian,,,25,25-yard blocked punt return TD
2019_11_08_ColonialForge,2019,11/8/2019,Colonial Forge,team_safety,,,,,,
2021_02_22_Massaponax,2020,2/22/2021,Massaponax,kick_return_td,Kiori Edwards,edwardskiori,,,85,85-yard kickoff return TD
2021_02_22_Massaponax,2020,2/22/2021,Massaponax,fumble_return_td,Elyjah Lewis,lewiselyjah,,,7,7-yard fumble return TD
2021_03_12_BrookePoint,2020,3/12/2021,Brooke Point,team_safety,,,,,,
2021_04_09_Spotsylvania,2020,4/9/2021,Spotsylvania,two_pt_pass,Andrew Koetter,koetterandrew,Aiden McConnell,mcconnellaiden,,2-point PAT
2021_08_27_JamesMonroe,2021,8/27/2021,James Monroe,kick_return_td,Brian Glenn,glennbrian,,,85,85-yard kickoff return TD
2021_09_10_EasternView,2021,9/10/2021,Eastern View,kick_return_td,Brian Glenn,glennbrian,,,93,93-yard kickoff return TD
2021_09_10_EasternView,2021,9/10/2021,Eastern View,blocked_punt_return_td,Edwin Searcy,searcyedwin,,,44,44-yard blocked punt return TD
2021_09_17_Spotsylvania,2021,9/17/2021,Spotsylvania,kick_return_td,Andrew Koetter,koetterandrew,,,46,46-yard kickoff return TD
2022_08_26_JamesMonroe,2022,8/26/2022,James Monroe,interception_return_td,Skilayr Atkinson,atkinsonskilayr,,,49,49-yard interception return TD
2022_08_26_JamesMonroe,2022,8/26/2022,James Monroe,blocked_punt_return_td,Skilayr Atkinson,atkinsonskilayr,,,0,0-yard blocked punt return TD
2022_09_16_Spotsylvania,2022,9/16/2022,Spotsylvania,kick_return_td,Joseph Pittman,pittmanjoseph,,,76,76-yard kickoff return TD
2022_09_16_Spotsylvania,2022,9/16/2022,Spotsylvania,two_pt_pass,Jack Baumgartner,baumgartnerjack,Aiden McConnell,mcconnellaiden,,2-point PAT
2022_09_30_MountainView,2022,9/30/2022,Mountain View,two_pt_rush,Jack Baumgartner,baumgartnerjack,,,,2-point PAT
2023_08_31_Chancellor,2023,8/31/2023,Chancellor,interception_return_td,Zorian Sutton,suttonzorian,,,53,53-yard interception return TD
2023_09_08_Colgan,2023,9/8/2023,Colgan,two_pt_rush,Dajon Marshall,marshalldajon,,,,2-point PAT
2023_10_20_Riverbend,2023,10/20/2023,Riverbend,two_pt_pass,Noah Dorazio,dorazionoah,Dominic Smith,smithdominic,,2-point PAT
2024_08_31_JamesMonroe,2024,8/31/2024,James Monroe,punt_return_td,Deandre Monroe,monroedeandre,,,47,47-yard punt return TD
2024_08_31_JamesMonroe,2024,8/31/2024,James Monroe,team_safety,,,,,,
2024_09_13_Colgan,2024,9/13/2024,Colgan,punt_return_td,Deandre Monroe,monroedeandre,,,42,42-yard punt return TD
2025_09_05_UnityReed,2025,9/5/2025,Unity Reed,punt_return_td,KJ Morton,mortonkj,,,58,58-yard punt return TD
2025_09_05_UnityReed,2025,9/5/2025,Unity Reed,interception_return_td,Luke Flynn,flynnluke,,,,?-yard interception return TD
2025_09_12_OsbournPark,2025,9/12/2025,Osbourn Park,two_pt_rush,,,,,,2-point PAT
2025_09_26_MountainView,2025,9/26/2025,Mountain View,kick_return_td,Nana Koranteng,korantengnana,,,,?-yard kickoff return TD
2026_09_03_UnityReed,2026,9/3/2026,Unity Reed,blocked_punt_return_td,Makai Dewitt,dewittmakai,,,,?-yard blocked punt return TD
2026_09_03_UnityReed,2026,9/3/2026,Unity Reed,two_pt_rush,Luke Flynn,flynnluke,,,,2-point PAT
2026_09_03_UnityReed,2026,9/3/2026,Unity Reed,two_pt_rush,Easton Hibberd,hibberdeaston,,,,2-point PAT
2026_09_10_OsbournPark,2026,9/10/2026,Osbourn Park,two_pt_rush,Brayden Dalton,daltonbrayden,,,,2-point PAT
2026_09_10_OsbournPark,2026,9/10/2026,Osbourn Park,two_pt_rush,Brayden Dalton,daltonbrayden,,,,2-point PAT
2026_09_10_OsbournPark,2026,9/10/2026,Osbourn Park,interception_return_td,Bradley Sullivan,sullivanbradley,,,,?-yard interception return TD
